track_id,title,file,bpm,label
6819f26bdd5394159281f9eb5d21ca5418adb000,ango music Orchestra Alec Medina – No Smoke,6819f26bdd5394159281f9eb5d21ca5418adb000.mp3,,
5989b90446e217f008f08f8a36c028cfc9771e22,Balada Boa   Gusttavo Lima  (Clipe Oficial),5989b90446e217f008f08f8a36c028cfc9771e22.mp3,,
776b8044dea5e66044be3accde70dd8fac083cbf,BLUES    Sam Smith   Stay With Me,776b8044dea5e66044be3accde70dd8fac083cbf.mp3,,
47ed9e8f064b93d787a29e8456ad214d9fecdeae,Blues Alphard Duo   (I Love You) For Sentimental Reason,47ed9e8f064b93d787a29e8456ad214d9fecdeae.mp3,,
20bd3afc2f37743c77db7d17d5bf6c81a770e88f,Blues Champagne and Wine (Blues,20bd3afc2f37743c77db7d17d5bf6c81a770e88f.mp3,,
034965da0cfe56f423700a0343cd70b89f14c459,Cha cha    Alvaro Soler   Sofia II,034965da0cfe56f423700a0343cd70b89f14c459.mp3,,cha cha
c07ef1cc4cd417490c48b1f464a4572015a1951c,Cha cha    Let's Cha Cha Cha 31 BPM,c07ef1cc4cd417490c48b1f464a4572015a1951c.mp3,,cha cha
122556b0a1c6efb474f2a1e9aacf7e910ecfda40,CHA CHA    music Bang Bang,122556b0a1c6efb474f2a1e9aacf7e910ecfda40.mp3,,cha cha
fc27b97c564a7d9f9eeb402baf5060631da71736,"Cha Cha   Better Days   NEIKED, Mae Muller, Polo",fc27b97c564a7d9f9eeb402baf5060631da71736.mp3,,cha cha
c16000b2ad3eda84893354f10a9302bb37c32010,Cha Cha   Ca,c16000b2ad3eda84893354f10a9302bb37c32010.mp3,,cha cha
3ae2b12db94ce6ca27a3857af96ce22943d460b9,Cha Cha   Cupid   FIFTY FIFTY ft Sabrina Carpenter (Ballroom Bar Remix,3ae2b12db94ce6ca27a3857af96ce22943d460b9.mp3,,cha cha
0b4ab9efc84cc9d1993c0b636a3e57bdc7be798c,Cha Cha   Faded   ZHU (Ballroom Bar Remix,0b4ab9efc84cc9d1993c0b636a3e57bdc7be798c.mp3,,cha cha
17eb3c0ff2f13f465b03ead4acdaf8be4fbd44dc,Cha Cha   Jingle Bell,17eb3c0ff2f13f465b03ead4acdaf8be4fbd44dc.mp3,,cha cha
5ac51ff74ebdcc2aa9f5f8d4d2a1d058abd0609c,Cha Cha   Love Runs Out   OneRepubli,5ac51ff74ebdcc2aa9f5f8d4d2a1d058abd0609c.mp3,,cha cha
4c319adcaa9e09a4224147cde0b3c401322560a5,CHA CHA   Milk  Sugar ft Miriam Makeba   Hi a Ma (Pata Pata) (Official Music Video) [HD],4c319adcaa9e09a4224147cde0b3c401322560a5.mp3,,cha cha
8dd4b7a894d3c4a07c478359f2240fd0b0245b28,Cha Cha   Numb   Marshmello u0026 Khali,8dd4b7a894d3c4a07c478359f2240fd0b0245b28.mp3,,cha cha
e15609d99997793c8bcd091d5982a08451f4d3e8,Cha Cha   Seven Nation Army   Ben,e15609d99997793c8bcd091d5982a08451f4d3e8.mp3,,cha cha
3e5cd08ae106383b7edca35f9e49cbc1f63574ac,Cha Cha   Sex Bom,3e5cd08ae106383b7edca35f9e49cbc1f63574ac.mp3,,cha cha
d73ee951a0e5bbc5b81ba4c602667843e2808dea,CHA CHA  Camila Cabello ft Young Thug   Havana (Chachachá Remix),d73ee951a0e5bbc5b81ba4c602667843e2808dea.mp3,,cha cha
96619b590e4542ecacdba18f00f0b621894fba4e,CHA CHA  Good Feeling,96619b590e4542ecacdba18f00f0b621894fba4e.mp3,,cha cha
5be93658c5786bf64edc57ea57e469d76a5478a3,Cha cha  Kungs  Cookin' On 3 Burners   This Girl (HQ+Sound),5be93658c5786bf64edc57ea57e469d76a5478a3.mp3,,cha cha
2649b68d4a4d07c7e133b286c8267b201e7c9069,"CHA CHA - El Comandante, Costa S",2649b68d4a4d07c7e133b286c8267b201e7c9069.mp3,,cha cha
4ba347b9ce144f120a90a6b3d36b011bd0debaf8,"CHA CHA - Honey Dip, Daniel Amalm",4ba347b9ce144f120a90a6b3d36b011bd0debaf8.mp3,,cha cha
bd913c973b08be3d56a3925b290cb42acec9e8dc,CHA CHA Ava Max   Kings u0026 Queens upravená [Official Music Video,bd913c973b08be3d56a3925b290cb42acec9e8dc.mp3,,cha cha
386ae66bbbed918e44229d23a7453c4212abd60c,Cha cha Bang Bang Cha Cha Ch,386ae66bbbed918e44229d23a7453c4212abd60c.mp3,,cha cha
3d25ba5d8f7b31ab133db0296c711c42cf618525,CHA CHA Besame Besame,3d25ba5d8f7b31ab133db0296c711c42cf618525.mp3,,cha cha
f8d651a6c4517be062eb4a6a6ee698844de62dae,CHA CHA Billie Jean Cha Cha,f8d651a6c4517be062eb4a6a6ee698844de62dae.mp3,,cha cha
82d1815f44492d260f899ecf8c3250b861bd56a1,CHA CHA Black or Whit,82d1815f44492d260f899ecf8c3250b861bd56a1.mp3,,cha cha
523831e90579fff047e4d0734e8dcd938118f129,CHA CHA Bombo(Cha Cha Cha) DJ Rico Latino,523831e90579fff047e4d0734e8dcd938118f129.mp3,,cha cha
c434c9ddc432c46c2e84e2d1ac06e911508a5c0b,CHA CHA Boom Boom,c434c9ddc432c46c2e84e2d1ac06e911508a5c0b.mp3,,cha cha
6072fa1801be4ccde81e584dd6a558d421d1647b,CHA CHA Borracha [Chachacha 31 bpm] - Cuba Cuba,6072fa1801be4ccde81e584dd6a558d421d1647b.mp3,,cha cha
b6e272d11450eb77eb9c011d67d159a52e28ab4f,CHA CHA BROTHER LOUIE x CHA CHA   DJ ONYOK REMIX OF PUROK KULITI,b6e272d11450eb77eb9c011d67d159a52e28ab4f.mp3,,cha cha
874f842df8c8b114531f23f03e960e0c244d633a,CHA CHA Café Maria (Remix 14) (ChaCha  31 BPM,874f842df8c8b114531f23f03e960e0c244d633a.mp3,,cha cha
f170b91d468be34a8333ddbdc86b8a7db26ca382,CHA CHA California Dreamin (Extended Mix,f170b91d468be34a8333ddbdc86b8a7db26ca382.mp3,,cha cha
f7e49050f165aaf56fcaf68255fc9a31f37d7094,Cha cha Cassin,f7e49050f165aaf56fcaf68255fc9a31f37d7094.mp3,,cha cha
62ca803c8d20074e02a1d76af854326b064c164b,Cha cha cha   Ricky Ke,62ca803c8d20074e02a1d76af854326b064c164b.mp3,,cha cha
acdbd9a94c05a3667bf06df662709e8ba9312cd3,CHA CHA CHA   Take You Dancing remix Hantos Dja,acdbd9a94c05a3667bf06df662709e8ba9312cd3.mp3,,cha cha
87cb3e77a0c2fe6c9eb6d4cbebdffc7809aeeff8,Cha cha cha   Whats Makes You Beautiful,87cb3e77a0c2fe6c9eb6d4cbebdffc7809aeeff8.mp3,,cha cha
99069555bfaf8d7c88545102ec645c4232f42e44,Cha Cha Cha 31 bpm   Dance The Night   Dua Lip,99069555bfaf8d7c88545102ec645c4232f42e44.mp3,,cha cha
68e6132a508483e3c8b11f327635fef1e7013a9b,Cha Cha Cha Meghan Trainor,68e6132a508483e3c8b11f327635fef1e7013a9b.mp3,,cha cha
106483a521a8bbc1c3ef3dfd0df7993d146d0fa8,Cha cha cha music Chucci Feat Yma America – Cuentame,106483a521a8bbc1c3ef3dfd0df7993d146d0fa8.mp3,,cha cha
200d5c4ad0c1f3a3e0726319e76125600636f20d,CHA CHA Cher   The Shoop Shoop Song (I,200d5c4ad0c1f3a3e0726319e76125600636f20d.mp3,,cha cha
32452dbd0e2910e40738ccb95d98d771120f3671,CHA CHA Chili Cha cha,32452dbd0e2910e40738ccb95d98d771120f3671.mp3,,cha cha
ee510647f95d9caacb661b5b2e64d0dffc04f9be,CHA CHA Christmas Cha Cha Cha The Merry Mac,ee510647f95d9caacb661b5b2e64d0dffc04f9be.mp3,,cha cha
74887863a43c7a15eedd9d267b81bd7c3ecddadc,CHA CHA Christmas Song Cha Cha Ch,74887863a43c7a15eedd9d267b81bd7c3ecddadc.mp3,,cha cha
9b3001f698c4b9d8a619b318d5b8c08b1f01be87,CHA CHA Coffin slide upraveno (coffin dance vs cha cha slide,9b3001f698c4b9d8a619b318d5b8c08b1f01be87.mp3,,cha cha
e4e764579c5b38d41e3ecd47bcd24b5a829a7ee4,CHA CHA Creeds   Push Up (Dj Dark Remix,e4e764579c5b38d41e3ecd47bcd24b5a829a7ee4.mp3,,cha cha
43c86a344e5cc8689ab45dd3e655e0c4389f8391,"CHA CHA Elton John, Dua Lipa   Cold Heart upravená (PNAU Remix) (Official Video",43c86a344e5cc8689ab45dd3e655e0c4389f8391.mp3,,cha cha
29124b9edbe9ad7d72d9fd660dd773638b456404,CHA CHA Empress Orchestra   Kiss Of Fire (Cha Cha Cha,29124b9edbe9ad7d72d9fd660dd773638b456404.mp3,,cha cha
ad7890cbd7e310296123045708ce0e9613bff8c2,CHA CHA ENRIQUE IGLESIAS   I LIKE HOW IT FEELS FEAT PITBULL u0026 THE WAV,ad7890cbd7e310296123045708ce0e9613bff8c2.mp3,,cha cha
070ddc137b461ca611637b9e695059c578ad30b6,CHA CHA Figlia di  Loredana Mix (feat Mary Merolla) (Cha cha cha,070ddc137b461ca611637b9e695059c578ad30b6.mp3,,cha cha
dfb518e92d5f14b3f1979a99a50f93e443f25da8,CHA CHA Gentleman,dfb518e92d5f14b3f1979a99a50f93e443f25da8.mp3,,cha cha
5127ace42b49a1b1dcaf141883d534a4899fcbaf,Cha cha George Ezra   Paradise (Bakermat Remix) (Audio),5127ace42b49a1b1dcaf141883d534a4899fcbaf.mp3,,cha cha
987a6f16504333dc45f076500cd2047fecaa25d4,Cha cha George Ezra   Shotgun upravená (Lyric Video),987a6f16504333dc45f076500cd2047fecaa25d4.mp3,,cha cha
72ed15b90f413b1858debc21b212d7356ffce9c5,CHA CHA Gimme! Gimme! Gimme! (Cha Cha,72ed15b90f413b1858debc21b212d7356ffce9c5.mp3,,cha cha
ca66f4b5db3944a289022e40c10c13444c12ad06,CHA CHA Goodboys   Bongo Cha Cha Cha [Official Video,ca66f4b5db3944a289022e40c10c13444c12ad06.mp3,,cha cha
5947bd5eaee5e9ee737aa4b98dab410169402558,CHA CHA Hasta La Vida Toca Toca (Chacha,5947bd5eaee5e9ee737aa4b98dab410169402558.mp3,,cha cha
0e6b48602aa3dc53b38d6235dc386d04b47b24b6,CHA CHA Heo heo hes Kora so,0e6b48602aa3dc53b38d6235dc386d04b47b24b6.mp3,,cha cha
9979b891b25ddcabf43441a73b996f1901034184,CHA CHA Hey Mr Christmas (Cha Cha   30 TM,9979b891b25ddcabf43441a73b996f1901034184.mp3,,cha cha
a7e1bde0ae3f01a95f96097e2cbd71f40eb2ef9b,CHA CHA I Saw Mommy Kissing Santa Claus (Cha Cha  31BPM,a7e1bde0ae3f01a95f96097e2cbd71f40eb2ef9b.mp3,,cha cha
f3c2ad19919beee30cce713691f43db37b82197b,CHA CHA Imany–Do - upravená,f3c2ad19919beee30cce713691f43db37b82197b.mp3,,cha cha
c1bf3417499aaf1f26924d6ece667c394b6d9149,CHA CHA Juanita La Cubana [Chachacha 31 bpm] - Idelavega & Moses Rodriguez,c1bf3417499aaf1f26924d6ece667c394b6d9149.mp3,,cha cha
2a09aedde43baf397a492567ef5c2f8af3777719,CHA CHA Juicy Wiggle Redfoo upravená kratší,2a09aedde43baf397a492567ef5c2f8af3777719.mp3,,cha cha
a09cd318bb802357669c807a243f0b18c977c305,CHA CHA Kiss (Cha Cha Cha  30 BPM) (feat Ross Mitchell,a09cd318bb802357669c807a243f0b18c977c305.mp3,,cha cha
2bfa1d8f5906a73d953d9feeda42b0279d340b76,CHA CHA Kiss Me Honey,2bfa1d8f5906a73d953d9feeda42b0279d340b76.mp3,,cha cha
9ee161f690d93af880e744e242905eb8bff6ea1c,"CHA CHA Knowing Me, Knowning You (Cha Cha",9ee161f690d93af880e744e242905eb8bff6ea1c.mp3,,cha cha
053fa9c695a106292111fe0736163763f31e4584,CHA CHA Kylie Minogue   In Your Eyes,053fa9c695a106292111fe0736163763f31e4584.mp3,,cha cha
44b637acde2bf0e72ccdc524ba84e6b1ed44a38f,CHA CHA Last Christmas (Cha Cha,44b637acde2bf0e72ccdc524ba84e6b1ed44a38f.mp3,,cha cha
35e4b80a4ec7d8c48da15095c9bb1d53b52cbe22,CHA CHA Last Christmas (Cha Cha  27 Bpm,35e4b80a4ec7d8c48da15095c9bb1d53b52cbe22.mp3,,cha cha
72f66218a1bee533bee596b3debb6fdf1141803d,CHA CHA Lets Get Loud J. Lopez,72f66218a1bee533bee596b3debb6fdf1141803d.mp3,,cha cha
9f5e89565a981ab92b663940f5827fa1b7cdf189,CHA CHA Levitating (Cha Cha  30 BPM,9f5e89565a981ab92b663940f5827fa1b7cdf189.mp3,,cha cha
75c2516e9534f1fc024b2a5953cf811361453872,CHA CHA Lorenzo Antonio upravená  'Nunca Dejes De Quererme'   Video Oficial,75c2516e9534f1fc024b2a5953cf811361453872.mp3,,cha cha
3b964714e10dc6f42e4f4e0844516dd1cae9f856,Cha cha Lost Frequencies feat Janieck Devy   Reality (cha cha remix),3b964714e10dc6f42e4f4e0844516dd1cae9f856.mp3,,cha cha
6f656e4da4fa7184dba0e867101e6ee5c9313a2f,CHA CHA MADE YOU LOOK (CHA CHA CHA,6f656e4da4fa7184dba0e867101e6ee5c9313a2f.mp3,,cha cha
4f5c6b8608aa5e2c61e29c5007480f18d3e2dbf6,CHA CHA Mamma Mia (Cha Cha,4f5c6b8608aa5e2c61e29c5007480f18d3e2dbf6.mp3,,cha cha
cf9d2852c72c6738197ab069f562630804adc671,CHA CHA Marc Anthony   Gimme Some More (Audio,cf9d2852c72c6738197ab069f562630804adc671.mp3,,cha cha
1958645f16b136df352294ca06fbf0ec2f829554,CHA CHA Marc Anthony   I Need To Know   Cha Cha Cha Musi,1958645f16b136df352294ca06fbf0ec2f829554.mp3,,cha cha
09f18b66d33dc24063022a32a49d46bfb3324838,Cha cha Martin Garrix   Animals (Official Video),09f18b66d33dc24063022a32a49d46bfb3324838.mp3,,cha cha
de387e58d97de325517e7f5b33ff6399845c3f62,CHA CHA Miguel Sáez upravená  Mala mujer (ChaCha),de387e58d97de325517e7f5b33ff6399845c3f62.mp3,,cha cha
b6e985e2998e2d45cf99042b9de0699d05cc2fd4,CHA CHA Miley Cyrus   Flowers (Max Oazo u0026 Bonzana Remix,b6e985e2998e2d45cf99042b9de0699d05cc2fd4.mp3,,cha cha
405868c9086fd4c6297973033579da76d174d1ed,Cha cha music Dance House – I Like You,405868c9086fd4c6297973033579da76d174d1ed.mp3,,cha cha
24e75b4734884459dc0a44285f858925931cf2e0,Cha cha music Sunray feat Kym Mazelle – Perhaps,24e75b4734884459dc0a44285f858925931cf2e0.mp3,,cha cha
eec7a927a1f2fb2101a895293b3f72d4adf093a9,CHA CHA Måneskin   GOSSIP ft Tom Morello (LyricsTesto,eec7a927a1f2fb2101a895293b3f72d4adf093a9.mp3,,cha cha
e0722f6ce33034d268870a206f8eb31649079ce6,CHA CHA NONSTOP CHRISTMAS 1. upravená EDITION 202,e0722f6ce33034d268870a206f8eb31649079ce6.mp3,,cha cha
e21b06727527ce5c991a01b9926e05057fbd429f,CHA CHA NONSTOP CHRISTMAS 2. upravená EDITION 202,e21b06727527ce5c991a01b9926e05057fbd429f.mp3,,cha cha
6d59fe85e9e2b66a65b9907e72413f00625fa686,CHA CHA NONSTOP CHRISTMAS 3. upravená EDITION 202,6d59fe85e9e2b66a65b9907e72413f00625fa686.mp3,,cha cha
71663d1ccbcdf80abd9dff70ecdbde5a77e206c1,CHA CHA Paris Tropical,71663d1ccbcdf80abd9dff70ecdbde5a77e206c1.mp3,,cha cha
eeaa0024cdb75af6e0a6a5c5dddf206d8580d0a7,"CHA CHA Perhaps, Perhaps, Perhaps (Quizás, Quizás, Quizás) (Ao Vivo",eeaa0024cdb75af6e0a6a5c5dddf206d8580d0a7.mp3,,cha cha
5030746d8045871848d1f92961c102f523287dcc,CHA CHA Pomáda   Letní lásk,5030746d8045871848d1f92961c102f523287dcc.mp3,,cha cha
4a4a4d98d5d7a93c04fdb35c362f4ca179e47e6a,CHA CHA Rebecca (Cha Cha Cha  32 BPM,4a4a4d98d5d7a93c04fdb35c362f4ca179e47e6a.mp3,,cha cha
63c2061e5251fc391117d5a1719b83ffc5db02d8,"CHA CHA Rihanna, Kanye West, Paul McCartney   FourFiveSeconds (Afrojack Remix)",63c2061e5251fc391117d5a1719b83ffc5db02d8.mp3,,cha cha
1295adb51b51f7c6d02b08dfb9d8c3e009ea7e9c,CHA CHA Robin Schulz   Prayer In C (cha cha,1295adb51b51f7c6d02b08dfb9d8c3e009ea7e9c.mp3,,cha cha
27aa3d5526a8ffa480e5510964d20151ea120fd4,CHA CHA Salsa,27aa3d5526a8ffa480e5510964d20151ea120fd4.mp3,,cha cha
f61155e5c893528e93347ae27b9089ac9a7811b4,CHA CHA Sam Smith,f61155e5c893528e93347ae27b9089ac9a7811b4.mp3,,cha cha
2fc595983a88197de21fc43e849ae9fc38c7d36d,CHA CHA Shaggy   Hey Sexy Lady upravená ft Brian u0026 Tony Gol,2fc595983a88197de21fc43e849ae9fc38c7d36d.mp3,,cha cha
fff7bea7ee59d502b67e38b0b389ddf94dc4b6c8,Cha Cha Slide   (Christmas Remix) Mr C The Slide Ma,fff7bea7ee59d502b67e38b0b389ddf94dc4b6c8.mp3,,cha cha
108d54ef1e2c5772ca9aa2d6824aa12fe78ec84b,CHA CHA Smooth Criminal (Cha Cha 30bpm,108d54ef1e2c5772ca9aa2d6824aa12fe78ec84b.mp3,,cha cha
a4ab5774e0c24d180cee87a89cc78bba7fb25dc4,CHA CHA Stand by M,a4ab5774e0c24d180cee87a89cc78bba7fb25dc4.mp3,,cha cha
291e14c6e7feac180f4ecf92ac6c4680d9799207,CHA CHA Sugar MC Eric a Barbara,291e14c6e7feac180f4ecf92ac6c4680d9799207.mp3,,cha cha
c3f7ed71b0e5a87d92d23f4d6e3fbfe395152ade,CHA CHA Taio Cruz   Break Your Heart (cha cha,c3f7ed71b0e5a87d92d23f4d6e3fbfe395152ade.mp3,,cha cha
20e1ccd3d8fba5f7e7a77de04a4242c4ae9d19ba,Cha cha The Wanted   Walks Like Rihanna,20e1ccd3d8fba5f7e7a77de04a4242c4ae9d19ba.mp3,,cha cha
c95853274e7604cfcb7635cbbd10bbfbbfac4720,"CHA CHA The Weeknd, Ariana Grande, Dua Lipa   Save Your Tears (Mashup",c95853274e7604cfcb7635cbbd10bbfbbfac4720.mp3,,cha cha
2ccc19295e452848e863055d823b32345847e227,"CHA CHA The Weeknd, upravená Ariana Grande, Dua Lipa   Save Your Tears (Mashup",2ccc19295e452848e863055d823b32345847e227.mp3,,cha cha
ca2a3dfe2e55ab226e37839ecfcd9486f0ab2aa5,CHA CHA Timmy Trumpet x Vengaboys upravená  Up u0026 Down (Official Music Video,ca2a3dfe2e55ab226e37839ecfcd9486f0ab2aa5.mp3,,cha cha
6fbc981a132520cae8377432aa90f9a0a9053576,CHA CHA We Run the Night (ChaCha) (31bpm,6fbc981a132520cae8377432aa90f9a0a9053576.mp3,,cha cha
04c27b6145dd648144702c875f12745d285d03d7,CHA CHA Zucchero   Bacco Perbacco,04c27b6145dd648144702c875f12745d285d03d7.mp3,,cha cha
0015c6199c46ec0fbe91801d5f02a2dcdb24746b,CHA CHA Žerjav Miha   Karcagi Laura cha ch,0015c6199c46ec0fbe91801d5f02a2dcdb24746b.mp3,,cha cha
c88ff0367cee9ab823ec4b6b03c3a72d40a855b0,"CHACHA   1, 2, Cha Cha Cha",c88ff0367cee9ab823ec4b6b03c3a72d40a855b0.mp3,,cha cha
c3f60a022942e2452140b25a880e4da98f2235b4,CHACHA   Ma cherie,c3f60a022942e2452140b25a880e4da98f2235b4.mp3,,cha cha
908c1f759c828ca9b66f6eb9f44e4cbc1ffe5fea,CHAMPION QUEEN,908c1f759c828ca9b66f6eb9f44e4cbc1ffe5fea.mp3,,
437fd11d8f02c5104cc17097231c01bec0386b31,COUNTRY Nathan Evans   Wellerman (220 KID u0026 Billen Ted TikTok Remix)   Official Audi,437fd11d8f02c5104cc17097231c01bec0386b31.mp3,,
40f4361fe69d0a65554444123d65c1b972ccc5f0,Dancing with the Stars Season 23 Intr,40f4361fe69d0a65554444123d65c1b972ccc5f0.mp3,,
899adacb59da35f95d61dc0ebeb33f6dadeea429,dont-stop-the-party-ft-tjr,899adacb59da35f95d61dc0ebeb33f6dadeea429.mp3,,
c39b883e35cedf7e17701e3b4194fb8329e3762d,F1 Theme   Build Up u0026 Starting Gri,c39b883e35cedf7e17701e3b4194fb8329e3762d.mp3,,
497519108e7901c84055176b04f0c82fe9877fd1,gangnam-style,497519108e7901c84055176b04f0c82fe9877fd1.mp3,,
ac33eed351b7b5ec40bf24adbf0923c5de3de03f,gangstas-paradise,ac33eed351b7b5ec40bf24adbf0923c5de3de03f.mp3,,
5e53604ff925b97a1e218db17b55816dcc5a1de3,Harry Styles   Sign of the Times,5e53604ff925b97a1e218db17b55816dcc5a1de3.mp3,,
7abe254159c0bffa884765a508cb6fe1af443527,ive-had-the-time-of-my-life-official-hd-video,7abe254159c0bffa884765a508cb6fe1af443527.mp3,,
86be2c9721fa4cdecba87911f090fe1e62192365,Jive   Beat It   Michael Jackson,86be2c9721fa4cdecba87911f090fe1e62192365.mp3,,jive
0385b71de994114872f3d88546a421b1d0d2c745,Jive   Feel It Still   Olivato Dancesport Orchestr,0385b71de994114872f3d88546a421b1d0d2c745.mp3,,jive
ce5483b225ecfeddd6d931641f10bf2e8cec78d8,Jive   Jingle Bell Roc,ce5483b225ecfeddd6d931641f10bf2e8cec78d8.mp3,,jive
3fa4881bfecae1fcb55b65abefbaee35e4133b58,JIVE   Meghan Trainor   Dear Future Husband,3fa4881bfecae1fcb55b65abefbaee35e4133b58.mp3,,jive
f79bbd01d79fd5ecffc2d55b83d6ad710d5432ce,Jive   Part Time Lover   Stevie Wonde,f79bbd01d79fd5ecffc2d55b83d6ad710d5432ce.mp3,,jive
f3fd26ec7375c2b7a74208e1d76e6e18196c09ce,Jive   Runaround Sue,f3fd26ec7375c2b7a74208e1d76e6e18196c09ce.mp3,,jive
3f6de378da5d3f25dcad88017f13a860450aaa1c,Jive   Shape Of You  Dj Bri Dancesport Music,3f6de378da5d3f25dcad88017f13a860450aaa1c.mp3,,jive
06bdc7fd848264410574926069fa27a01f00a3bc,Jive   Walk   Kwabs (Casa Musica Remix,06bdc7fd848264410574926069fa27a01f00a3bc.mp3,,jive
d6d804ce1570cbe47b340a4f42a199082a201689,JIVE  DING DING DONG CD CALOR LATINO,d6d804ce1570cbe47b340a4f42a199082a201689.mp3,,jive
94cda7e5ab535b1739a812cc269e8354902a9095,JIVE  music Various Artists – Ma Cherie,94cda7e5ab535b1739a812cc269e8354902a9095.mp3,,jive
29c064069dec6e95610188fc9d0aaaa81fdd3e0e,JIVE  Summer Love Tim Tim,29c064069dec6e95610188fc9d0aaaa81fdd3e0e.mp3,,jive
18ced3530dbe22a83e4b9b658009f3bb0fa2c19c,JIVE - Dont roll on,18ced3530dbe22a83e4b9b658009f3bb0fa2c19c.mp3,,jive
6c2548c4428337a1be08db8858e24cea7472b22f,JIVE - HAFANANA,6c2548c4428337a1be08db8858e24cea7472b22f.mp3,,jive
649836223c0062408e46f5d929e21ac7e2b6d424,JIVE - I love you,649836223c0062408e46f5d929e21ac7e2b6d424.mp3,,jive
3620622df8f5c580f36eb532989ea2b602b177a4,JIVE - Jack is back,3620622df8f5c580f36eb532989ea2b602b177a4.mp3,,jive
4123d714d297f3c34a2d24ab4609523f93f22a73,JIVE - LIPSTICK,4123d714d297f3c34a2d24ab4609523f93f22a73.mp3,,jive
47bd3c280497e626bb7ba14ff7918984653ae245,JIVE - Only you,47bd3c280497e626bb7ba14ff7918984653ae245.mp3,,jive
fba627b4fca6c63c2abb24c72b808ddfe3f3ce92,JIVE - Oóó Lori,fba627b4fca6c63c2abb24c72b808ddfe3f3ce92.mp3,,jive
ef0f79d407d8c8e60603b268679ef8359f8f8c35,JIVE - Reach for the stars,ef0f79d407d8c8e60603b268679ef8359f8f8c35.mp3,,jive
e696fda3de9e30f99980f61538cf55ac6f32f0d6,JIVE - Shi so Ryan,e696fda3de9e30f99980f61538cf55ac6f32f0d6.mp3,,jive
8e6e4e1fb745a5ac15a742ad26df628b70046ae5,"JIVE - These Boots Are Made For Walkin, Velvet 99",8e6e4e1fb745a5ac15a742ad26df628b70046ae5.mp3,,jive
7ddf3f0b9dff318aaa5a2f4cc7293c220e7e56c0,JIVE - Úy baby úy baby,7ddf3f0b9dff318aaa5a2f4cc7293c220e7e56c0.mp3,,jive
b9fede6b871a7208824f8dd4d35d42257fa4ef01,JIVE All I Want for Christmas Is You [Jive  41 BPM] (feat Ross Mitchell,b9fede6b871a7208824f8dd4d35d42257fa4ef01.mp3,,jive
ff24263cd3c13af906497f1c8828e459ad419c33,JIVE All Shook Up (Jive  42 Bpm,ff24263cd3c13af906497f1c8828e459ad419c33.mp3,,jive
681afac515fcdf5213925ab972c6c0211ac8e59f,JIVE Buona Sera (Jive  44 Bpm,681afac515fcdf5213925ab972c6c0211ac8e59f.mp3,,jive
022464a279653b3d4af59323774bea2b52ed6dc0,Jive Buzz buzz buz,022464a279653b3d4af59323774bea2b52ed6dc0.mp3,,jive
a0a6e2c92efa1198cdee430535861ea0c4368382,JIVE Cagey Strings Johnny B  Goode (Jive 43 BPM,a0a6e2c92efa1198cdee430535861ea0c4368382.mp3,,jive
6ec9335e5e958c0c232973ce35e2ca594312e7c9,JIVE Chihuahua (Jive  43 Bpm,6ec9335e5e958c0c232973ce35e2ca594312e7c9.mp3,,jive
f753de77806bcac0b08bec8bbb6b6f3cc2b1c986,JIVE christmas   as it used to be   mario hartman,f753de77806bcac0b08bec8bbb6b6f3cc2b1c986.mp3,,jive
56d837e8d105739416bcf7c0ed2d48281381aff0,JIVE Footloose (Jive  41 Bpm,56d837e8d105739416bcf7c0ed2d48281381aff0.mp3,,jive
f30b7378aa652099efae8691741f798be6030a03,JIVE Heatwave (Jive  40 Bpm,f30b7378aa652099efae8691741f798be6030a03.mp3,,jive
09d4781cc360ed63e216b33389c98e44d30bf1fd,JIVE I Wish It Could Be Christmas Every Day (Jive  40BPM,09d4781cc360ed63e216b33389c98e44d30bf1fd.mp3,,jive
04e2c458a9ebe7fa8ae57828ec49467513414a10,JIVE Ilona Csáková   Pink (Unplugged,04e2c458a9ebe7fa8ae57828ec49467513414a10.mp3,,jive
9a4c736f6d310611b576902081a5ed9d135d6294,JIVE JEM,9a4c736f6d310611b576902081a5ed9d135d6294.mp3,,jive
942be7cdd629b54998b2777f75470403b4025614,JIVE Knock On Wood (Jive  36 Bpm,942be7cdd629b54998b2777f75470403b4025614.mp3,,jive
217717783acbbb8352eee2d43c5d33725d3309dc,JIVE Last Christmas JIVE SHARK,217717783acbbb8352eee2d43c5d33725d3309dc.mp3,,jive
3b6116daa2a27aef3663d04594918549383f8325,JIVE Meghan Trainor vánoční  Rocki,3b6116daa2a27aef3663d04594918549383f8325.mp3,,jive
8fa47a521cecfa3f025c05eae68714a4371100a3,JIVE Michael Bublé vánoční  Rock,8fa47a521cecfa3f025c05eae68714a4371100a3.mp3,,jive
1f714d317d6ffc55070da9332709860daf712368,Jive music Azucar Moreno   Tequila,1f714d317d6ffc55070da9332709860daf712368.mp3,,jive
3b72b2f240e39972b7046226d52074467d4d85ab,Jive Music Dance House – In The Mood,3b72b2f240e39972b7046226d52074467d4d85ab.mp3,,jive
e8502195f7851855acb613931dbc08594bf6e45f,Jive music Darling – Letkiss,e8502195f7851855acb613931dbc08594bf6e45f.mp3,,jive
e21706b0bb53786ad6b8307496966a7475e89d28,Jive music Dj Maksy Vs VA – Ma Cherie,e21706b0bb53786ad6b8307496966a7475e89d28.mp3,,jive
ce244881cf3254027bb76d3f673d50b3d3bc4398,Jive music Southern Line – Baby Come Back To Me,ce244881cf3254027bb76d3f673d50b3d3bc4398.mp3,,jive
d75ff70450891efb7c6c087c174f5b1e02775e45,JIVE Måneskin   GOSSIP ft Tom Morello (LyricsTesto,d75ff70450891efb7c6c087c174f5b1e02775e45.mp3,,jive
bc1bf8b4747411832b75b352a64ecab68b8e82ce,JIVE Olly Murs upravená  Dance With Me Tonight (Official Video),bc1bf8b4747411832b75b352a64ecab68b8e82ce.mp3,,jive
c5a14672bd7bac8e94f3b85357f96dd444f964a0,JIVE On Ira (Jive 43BPM,c5a14672bd7bac8e94f3b85357f96dd444f964a0.mp3,,jive
60baa1f1ddeb1324d2bb3fceee1103d6b0fb3156,JIVE Only The Good Die Young (Jive  40 Bpm,60baa1f1ddeb1324d2bb3fceee1103d6b0fb3156.mp3,,jive
868dba797432208d77b0228f71fe30291732211c,JIVE R Mitchell   Mexico   Jive musi,868dba797432208d77b0228f71fe30291732211c.mp3,,jive
28edfca4f68cec042b3a78ef25aba6af03187481,JIVE Reet Petite (Jive  42 BPM,28edfca4f68cec042b3a78ef25aba6af03187481.mp3,,jive
5b87f4241beba6b1b8fc35c417357c6e285b8683,JIVE Rocki jive,5b87f4241beba6b1b8fc35c417357c6e285b8683.mp3,,jive
5d843e35f56d8ed1e0f86dcc76aa73a6f1395757,JIVE SDS Rock Around The Clock Swing Cats (Jive 43 BPM,5d843e35f56d8ed1e0f86dcc76aa73a6f1395757.mp3,,jive
a0cd0e463a50549a2cf3b723189493ea1069fe1a,JIVE Slippi,a0cd0e463a50549a2cf3b723189493ea1069fe1a.mp3,,jive
c8680c08d104627937d0741df1410e4f263cf857,Jive The Dizzybells - Papa Joe´s,c8680c08d104627937d0741df1410e4f263cf857.mp3,,jive
670bd6813cd629b05024c74c142f15e642644791,JIVE Wake Me up Before You Go Go (Jive,670bd6813cd629b05024c74c142f15e642644791.mp3,,jive
8caf4fbef2951b02d381348bdd0297082c892b57,JIVE Waterloo (Jive,8caf4fbef2951b02d381348bdd0297082c892b57.mp3,,jive
b804c8f2b8b54b03b4c147e7b28f4c49fa2a4aef,JIVE What Christmas Means To Me (Jive  44 Bpm,b804c8f2b8b54b03b4c147e7b28f4c49fa2a4aef.mp3,,jive
811e0574aac0b805815fe867436b9f17589bd18b,JIVE What I Like About You (Jive  40 Bpm,811e0574aac0b805815fe867436b9f17589bd18b.mp3,,jive
e5dd6ba12944738cd01008beec3de6246a5d6bbc,JIVE White Christmas Jiv,e5dd6ba12944738cd01008beec3de6246a5d6bbc.mp3,,jive
5787931c0b8345bec93326db125b650aafa676b8,JiveMe Gustas Tu (Remix 14) (Jive  43 BPM,5787931c0b8345bec93326db125b650aafa676b8.mp3,,jive
6a3bee55fa0fe0d481c80f1f04b7db31a1caddb7,Johnny Däpp     upravený   Lorenz Büffel,6a3bee55fa0fe0d481c80f1f04b7db31a1caddb7.mp3,,
3022c187c9c15da7155959c450ce1b180021c7ef,LETKIS  -    music Darling – Letkiss,3022c187c9c15da7155959c450ce1b180021c7ef.mp3,,
dc1c8b2f645a6fa2e2874e35079d05ac7fa6873f,MAZURKA BALLO LISCIO kratší LA MAZURCHETTA   MAZURKA   per Fisarmonica e Orchestra,dc1c8b2f645a6fa2e2874e35079d05ac7fa6873f.mp3,,
e853ed278b1c5d1412bd35d13711944b087245e3,mezihudba,e853ed278b1c5d1412bd35d13711944b087245e3.mp3,,
53cb7193f93bf47d5a8675d97468ce4226db7780,MISS znělka Jesus Christ Superstar   Andrew Lloyd Webberarr Willy Hautvast,53cb7193f93bf47d5a8675d97468ce4226db7780.mp3,,
29f9742a468ed49725b691c8e648eeba2ded9445,NÁSTUP - ODCHOD  TÝMY Dario G   Carnaval De Paris (Official Music Video),29f9742a468ed49725b691c8e648eeba2ded9445.mp3,,
eecf360bdfa6d64c348859ef479622bb544945ee,NÁSTUP - VYHLÁŠENÍ,eecf360bdfa6d64c348859ef479622bb544945ee.mp3,,
00a0006ca0a112f9a4b3e86573b57c94ad86c538,NÁSTUP Axwell  Ingrosso   How Do You Feel Right No,00a0006ca0a112f9a4b3e86573b57c94ad86c538.mp3,,
3ba959a2334c977591f50e081f009cff9e22d582,NÁSTUP CARMEN POCHOD,3ba959a2334c977591f50e081f009cff9e22d582.mp3,,
0e3acb88548c709e69536d7b2084f2456687164f,Paso Doble   Spanish Gypsy Danc,0e3acb88548c709e69536d7b2084f2456687164f.mp3,,paso doble
2b18f2f145734877c0fd58862be2f1e875e29f9b,paso doble imperial-march-from-star-wars,2b18f2f145734877c0fd58862be2f1e875e29f9b.mp3,,paso doble
a701e9aae33525ebac30e1bed0835d63f2d411d0,PASO DOBLE music upravené JP Strater – Paso Doble,a701e9aae33525ebac30e1bed0835d63f2d411d0.mp3,,paso doble
900e29dc965e913c98f8cc30b23392a6a931fe88,PASO DOBLE S PŘEDEHROU,900e29dc965e913c98f8cc30b23392a6a931fe88.mp3,,paso doble
52ebc129c490da19bd07cef1a433bf10dc11030c,Polka     Moravanka   Ty falešná frajárko,52ebc129c490da19bd07cef1a433bf10dc11030c.mp3,,
be9d4b93e70f76d6e44f663e332af7d10ca76cef,Polka     Moravanka   Vysoký jalovec,be9d4b93e70f76d6e44f663e332af7d10ca76cef.mp3,,
dc68db15d6610666425d3fbb51bc9b5308a8c97e,Polka    Jetelíček u vody,dc68db15d6610666425d3fbb51bc9b5308a8c97e.mp3,,
7766b6fb32a34231b7a5e012dcd778378c528dca,Polka   Hospodarske pisnicky   Co jste hasici,7766b6fb32a34231b7a5e012dcd778378c528dca.mp3,,
afaea8b032fa7c7b49cad4ef13446e5466f711a8,POLKA Škoda lásky upravená krátká,afaea8b032fa7c7b49cad4ef13446e5466f711a8.mp3,,
c07f874bfa41bc5f31d777090a5e53eefb895025,Practice_Latin_120s_gap30s_20251030_160745,c07f874bfa41bc5f31d777090a5e53eefb895025.wav,,
60ea3f3f56ce843157d74bff6978f845143bba82,Practice_Standart_90s_gap20s_20251015_140754,60ea3f3f56ce843157d74bff6978f845143bba82.wav,,
eed7d9853f713a78260ffd71e2074713ee9581bf,practiceCustom,eed7d9853f713a78260ffd71e2074713ee9581bf.mp3,,
a685ac2813eb9bdd5c8206add80f603fdf702fdb,practiceLatin,a685ac2813eb9bdd5c8206add80f603fdf702fdb.mp3,,
fd2ae740242db9ea95c33aa0e8e752ade414da58,practiceLatin2,fd2ae740242db9ea95c33aa0e8e752ade414da58.mp3,,
e934e859ac89c02ce3cfec847e6f39c781a734ac,Ptačí tanec,e934e859ac89c02ce3cfec847e6f39c781a734ac.mp3,,
4d84c9e5e66a3960eb65da93186f362339a395e5,Quickstep   Blue Suede Shoes   Elvis Presle,4d84c9e5e66a3960eb65da93186f362339a395e5.mp3,,quickstep
ab67bdf4cc51ce049c3d5421aa6c7e6006fe82af,QUICKSTEP   Brand New Rockers   Let,ab67bdf4cc51ce049c3d5421aa6c7e6006fe82af.mp3,,quickstep
bc9abbaf38d9f61c46bb7fe8d935cf58846dc230,Quickstep   Call The Law   OutKas,bc9abbaf38d9f61c46bb7fe8d935cf58846dc230.mp3,,quickstep
452e9c33111790e303ae2a334cfbbef2abf42acc,Quickstep   Cry Baby   Lady Linn And Her Magnificent Seve,452e9c33111790e303ae2a334cfbbef2abf42acc.mp3,,quickstep
6532c14482158cc1c24454b49b27211c495e3f41,Quickstep   Danci,6532c14482158cc1c24454b49b27211c495e3f41.mp3,,quickstep
084fb98518d2b1e616f872c777494479a41ace4f,QUICKSTEP   Dj Ice   Another Day Of Sun (La La Land OST Cover,084fb98518d2b1e616f872c777494479a41ace4f.mp3,,quickstep
c80f2cf8e5e9481b81bf9f317f1b60d62c3fc962,QUICKSTEP   Hangover   Vintage Vegas (50 BPM) Hantos Djay rmx[1],c80f2cf8e5e9481b81bf9f317f1b60d62c3fc962.mp3,,quickstep
a4b81be6104afc7a79449dc58ab5856793707033,Quickstep   Sleigh Rid vánoční,a4b81be6104afc7a79449dc58ab5856793707033.mp3,,quickstep
7808f071a1dfa040df863a595b261b4b59938af4,QUICKSTEP  Come To Me,7808f071a1dfa040df863a595b261b4b59938af4.mp3,,quickstep
e8ec0400759937f14a92b5d460b1b7caaa77232e,QUICKSTEP  Satisfaction,e8ec0400759937f14a92b5d460b1b7caaa77232e.mp3,,quickstep
1a937d99bc7905b8752b7bb14523b9eb80e6cfe7,QUICKSTEP Alley - Prairie Cats,1a937d99bc7905b8752b7bb14523b9eb80e6cfe7.mp3,,quickstep
2b077443c0eb908155ac48d67ace2be67402b2bb,QUICKSTEP Around The World - Miss Kookie,2b077443c0eb908155ac48d67ace2be67402b2bb.mp3,,quickstep
3bb99c75e73079384dea310a73f96c849603e59e,QUICKSTEP Brother Louie - Jazz Dance Orchestra,3bb99c75e73079384dea310a73f96c849603e59e.mp3,,quickstep
13c11e2fa38330154d2f959e16ba58039f70c06d,QUICKSTEP Careless Whisper (Quickstep 50BPM,13c11e2fa38330154d2f959e16ba58039f70c06d.mp3,,quickstep
d2aefe90689081f51c6f620be31a79609a3fc783,QUICKSTEP Coco Jamboo [Quicktep 50BPM,d2aefe90689081f51c6f620be31a79609a3fc783.mp3,,quickstep
53923462af74495d3f73b822ae3d3079156933ee,QUICKSTEP Crazy In Love (from,53923462af74495d3f73b822ae3d3079156933ee.mp3,,quickstep
b11d56266eb0fb4d74b349e3231c8e9cfaa8bfd9,QUICKSTEP Driving Home for Christmas (Quickstep,b11d56266eb0fb4d74b349e3231c8e9cfaa8bfd9.mp3,,quickstep
1a33e4a1a50af84da2b77e536f508032b3cef6dd,QUICKSTEP Friday [Quickstep 50BPM,1a33e4a1a50af84da2b77e536f508032b3cef6dd.mp3,,quickstep
e08e5c6e8ac169ebef7f8d5c7625eeefcecc6b2d,QUICKSTEP Frosty the Snow Man  Santa Claus Is Comi,e08e5c6e8ac169ebef7f8d5c7625eeefcecc6b2d.mp3,,quickstep
006feef70d5f32c23442afdaad1fdc39c4b3a5f7,QUICKSTEP Hello Dolly (Quickstep  50 Bpm,006feef70d5f32c23442afdaad1fdc39c4b3a5f7.mp3,,quickstep
1b80d5315248bca1b0788649cdb39174023fc0fa,QUICKSTEP I'm Still Standing [Quickstep  48 BPM] (feat Ross Mitchell,1b80d5315248bca1b0788649cdb39174023fc0fa.mp3,,quickstep
41549e88c70712bdf8fe30d5610506382bdbf359,QUICKSTEP Levitating [Quicktep 50BPM,41549e88c70712bdf8fe30d5610506382bdbf359.mp3,,quickstep
450a1b387f7280c5f7612dc45da63b57d3d8d27e,Quickstep music Alessandro Olivato – Shuby Dooh,450a1b387f7280c5f7612dc45da63b57d3d8d27e.mp3,,quickstep
07a52c8d96d7de581cfcc627e407b7f4fccec929,Quickstep music Dancing Ballroom Orchestra –  I Need Your Love,07a52c8d96d7de581cfcc627e407b7f4fccec929.mp3,,quickstep
245e518b0243fabd01d246133f0aa01abe795f2b,Quickstep music Dj André  Dimie Cat – Glam,245e518b0243fabd01d246133f0aa01abe795f2b.mp3,,quickstep
e57a1a8371c58e3681875e2e1764c8dd44c06224,Quickstep music Ethnic Song – Katjuscha,e57a1a8371c58e3681875e2e1764c8dd44c06224.mp3,,quickstep
a7724c4210a7d64f4a16b8b9d555b885043c3216,Quickstep music Gaby Goldberg – Sweet Sweet Smile,a7724c4210a7d64f4a16b8b9d555b885043c3216.mp3,,quickstep
9b1c572eaca2dfdc111078dd9aba048addfc2436,Quickstep music Geoff Love Orchestra   It Don't Mean A Thing,9b1c572eaca2dfdc111078dd9aba048addfc2436.mp3,,quickstep
65f147455efc75589895e85de1e9f8807fa567e8,Quickstep music Siesta Standard Orchestra – Billy A Dick,65f147455efc75589895e85de1e9f8807fa567e8.mp3,,quickstep
09cb04561642b5058b8c4ffc672f013255f54b6c,Quickstep music Swing City Giants – Heap Big Chief,09cb04561642b5058b8c4ffc672f013255f54b6c.mp3,,quickstep
55dee6973cd2c5b66ab97cd02d5545af7520395c,Quickstep music The Swing Kings – Umbrella[1],55dee6973cd2c5b66ab97cd02d5545af7520395c.mp3,,quickstep
6207f5356b1ab696945033545b720a8f89d3fd63,QUICKSTEP Musica [Quickstep 50BPM,6207f5356b1ab696945033545b720a8f89d3fd63.mp3,,quickstep
6dfc8733afeda2d0c405980efcc37f172f438414,QUICKSTEP No Excuses (Quickstep 50BPM),6dfc8733afeda2d0c405980efcc37f172f438414.mp3,,quickstep
c6069e95369e73cf783e8791aed7e41c6398f89f,QUICKSTEP Sleigh Ride  Here Comes Santa Claus (Quickstep  51BPM,c6069e95369e73cf783e8791aed7e41c6398f89f.mp3,,quickstep
e7d051e7112ce26337ff3a8d3d61434efe556e46,QUICKSTEP Starlight Lounge - Rudy Guess,e7d051e7112ce26337ff3a8d3d61434efe556e46.mp3,,quickstep
a87b2d7330785b193ca5e115eb77936e4445b233,QUICKSTEP Talk Dirty (Quickstep 50BPM,a87b2d7330785b193ca5e115eb77936e4445b233.mp3,,quickstep
669cc291db79f33838fe0ba43a1f3c15e037ddf9,QUICKSTEP Thrift Shop (Quickstep 50BPM,669cc291db79f33838fe0ba43a1f3c15e037ddf9.mp3,,quickstep
82baa5760d424810ae8d6512c8b56dc1429c3f3b,QUICKSTEP Tik Tok (Quickstep 50BPM),82baa5760d424810ae8d6512c8b56dc1429c3f3b.mp3,,quickstep
79e801dc707d6647ccbba136696cdc258b5248cb,QUICKSTEP Toca Toca [Quickstep 50BPM,79e801dc707d6647ccbba136696cdc258b5248cb.mp3,,quickstep
c57517021f961e89ded99c189bb1f7386bbd5334,QUICKSTEP Tom Toms Jam - David Steinberg,c57517021f961e89ded99c189bb1f7386bbd5334.mp3,,quickstep
6aaa3ef3242b8cc519fc7ceb2f54825761f3578c,QUICKSTEP When I Get Low I Get High (Quickstep  51 BPM,6aaa3ef3242b8cc519fc7ceb2f54825761f3578c.mp3,,quickstep
ca226b72aafda88429d87fdb148b3a6aca4ad71f,QUICKSTEP When You Smile (Quick Step  52 BPM,ca226b72aafda88429d87fdb148b3a6aca4ad71f.mp3,,quickstep
6dc41a0db31b9aacba49a3c4dcbd54f850f077ad,Rumba   Amar y Vivir   Monch,6dc41a0db31b9aacba49a3c4dcbd54f850f077ad.mp3,,rumba
c2e2f5f18a212a60830ebcd36aebe17a5551c1cd,Rumba   Casi un Bolero   Ricky Marti,c2e2f5f18a212a60830ebcd36aebe17a5551c1cd.mp3,,rumba
c2e98d3f62eda48a927308c3fce0c0e6d93373bd,RUMBA   Dj Ice   Hotel Californi,c2e98d3f62eda48a927308c3fce0c0e6d93373bd.mp3,,rumba
c7331736dc9fc9e652e80080bdeeadd6f2c8b015,RUMBA   Dj Ice   Stay With Me (24 BPM),c7331736dc9fc9e652e80080bdeeadd6f2c8b015.mp3,,rumba
57aac6224dc46792bbb2322caf7cefc41aec282e,RUMBA   Dj Ice   The Scientist (ft Lenna) (Coldplay Cover,57aac6224dc46792bbb2322caf7cefc41aec282e.mp3,,rumba
c0db3062a540ea26484dc818f87d5c4dc0838254,RUMBA   Dj Ice   Truly Madly Deepl,c0db3062a540ea26484dc818f87d5c4dc0838254.mp3,,rumba
748da1aea8b67c3d231366a18e1df9c25415c244,RUMBA   Dj Ice ft Clair   Dance Monke,748da1aea8b67c3d231366a18e1df9c25415c244.mp3,,rumba
b430b5d7578ec35dedab5cd25bd158cfe153020f,Rumba   Eternal Flame   Shannon u0026 Keas,b430b5d7578ec35dedab5cd25bd158cfe153020f.mp3,,rumba
3d201950e37dba040388b60e829df80dc84fb66c,Rumba   Here With Me   d4v,3d201950e37dba040388b60e829df80dc84fb66c.mp3,,rumba
51e93fc679b244ab0dbf0c096e9848a09527fb8a,Rumba   Just Give Me A Reason,51e93fc679b244ab0dbf0c096e9848a09527fb8a.mp3,,rumba
ec80f05114a70542b1ab138a1715172bb59b9eb8,RUMBA   Linkin Park   Numb (Dj Ice Latin Remix) (25 BPM),ec80f05114a70542b1ab138a1715172bb59b9eb8.mp3,,rumba
cee868a93a9be199c1599d2e02d65eb1923c0b52,Rumba   Man In The Mirror (25 BPM),cee868a93a9be199c1599d2e02d65eb1923c0b52.mp3,,rumba
a8bef80af03f4d0725add0edeb1b35369eff4ed4,Rumba   Merry Christmas Darlin,a8bef80af03f4d0725add0edeb1b35369eff4ed4.mp3,,rumba
45d2d4d3049d141aa884139a1345fe00ec00534e,Rumba   Red Hot Chili Peppers   Californicatio,45d2d4d3049d141aa884139a1345fe00ec00534e.mp3,,rumba
c6330bd5ff93b5052354659651ab5a1fd4fc2234,Rumba   Set Fire To The Rai,c6330bd5ff93b5052354659651ab5a1fd4fc2234.mp3,,rumba
66fac85b2a258e16eff701402c36888de8124455,Rumba   Titaniu,66fac85b2a258e16eff701402c36888de8124455.mp3,,rumba
08258ffa44299346948cb9d60abd9256ae6b1206,RUMBA  Amason Performs   California Dreami,08258ffa44299346948cb9d60abd9256ae6b1206.mp3,,rumba
b420fed217e662bc076f3a69ac343380eade032f,RUMBA  Dj Kings vs Alan Walker Faded (rumba version),b420fed217e662bc076f3a69ac343380eade032f.mp3,,rumba
aaec918b5430c7a640ae9bfa2ec24f7c0401b8a1,RUMBA  Ellie Goulding – Love Me Like You Do (DJ Maksy Rumba remix),aaec918b5430c7a640ae9bfa2ec24f7c0401b8a1.mp3,,rumba
0028a29db21aa9a081dc91752468c35703a94351,RUMBA  Number One Touch and Go,0028a29db21aa9a081dc91752468c35703a94351.mp3,,rumba
3a4bb7d1895ffa9ebd013c5dbd2cf6ee82d82c00,"RUMBA - Algo Tienes, kratší Martha Sanchez",3a4bb7d1895ffa9ebd013c5dbd2cf6ee82d82c00.mp3,,rumba
9b9ee7c4a3696945a0aa8455dcd156d6ccc86843,"RUMBA - Algo Tienes, Martha Sanchez",9b9ee7c4a3696945a0aa8455dcd156d6ccc86843.mp3,,rumba
66a5787f4f101ff746efa8ec04f2b36baca9859b,RUMBA - BESAME MUCHO,66a5787f4f101ff746efa8ec04f2b36baca9859b.mp3,,rumba
ac6154a787e4ca0b1f789b1f049ec0134d0cee19,"RUMBA - La Belleza, Martha Sanchez",ac6154a787e4ca0b1f789b1f049ec0134d0cee19.mp3,,rumba
bb8233577f14f8f3cc7ac081e9134a22d0dd67c5,"RUMBA - Sometines Itś Easy, Shaina Noll with Russell Walden",bb8233577f14f8f3cc7ac081e9134a22d0dd67c5.mp3,,rumba
6b2d30dd41adfcec31300686db45c4ebcdc7eb32,RUMBA - TAKE THAT,6b2d30dd41adfcec31300686db45c4ebcdc7eb32.mp3,,rumba
cb1f517afa4901fd0423c09f8c10dd269e51381f,"RUMBA - Youŕe My Heart, Thomas Anders",cb1f517afa4901fd0423c09f8c10dd269e51381f.mp3,,rumba
6d00b1c8b66f16744bc592e4dfd9a8acaf79398a,RUMBA Ai amor Semino Rossi  (Of iubire ! ) Traducere in romana,6d00b1c8b66f16744bc592e4dfd9a8acaf79398a.mp3,,rumba
264e57897445e2c1bd143a5b1b6f51327c3956e1,RUMBA Así (RB25) - Gizelle D'Cole,264e57897445e2c1bd143a5b1b6f51327c3956e1.mp3,,rumba
b5bb6766d37f648df735a9cc075abcba78e30e4f,Rumba Avicii   wake me up cover by Madilyn Bailey rumba versio,b5bb6766d37f648df735a9cc075abcba78e30e4f.mp3,,rumba
941d4556680600e7f58f4893a63531fbb1a82325,RUMBA Boyzone - No Mather,941d4556680600e7f58f4893a63531fbb1a82325.mp3,,rumba
34d25e76768731ceec6a406553b6bd99d825052a,RUMBA Cher   Believe (Rumba remixed) by Wataz,34d25e76768731ceec6a406553b6bd99d825052a.mp3,,rumba
a238cee383b66a552bacadca806d69a094d1ad04,RUMBA Don't Be So Shy (Rumba 24BPM),a238cee383b66a552bacadca806d69a094d1ad04.mp3,,rumba
d565791f962d235d51f09df8804c5bebc0e031be,RUMBA Hello (Rumba 24 BPM,d565791f962d235d51f09df8804c5bebc0e031be.mp3,,rumba
ddd76f222283acfb6772eaac990fd8f2919b232d,RUMBA Imagine   John Lennon u0026 The Plastic Ono Band (w The Flux Fiddlers) (Ultimate Mix 2018)   4K REMASTE,ddd76f222283acfb6772eaac990fd8f2919b232d.mp3,,rumba
24641726f1bd4898ece04e8bcd7e76dd32c3b4ec,Rumba Mestizzo - Te Quiero,24641726f1bd4898ece04e8bcd7e76dd32c3b4ec.mp3,,rumba
dc475c6f8f2d294598790a24623543edcc3f012a,RUMBA Muchas mas,dc475c6f8f2d294598790a24623543edcc3f012a.mp3,,rumba
7a0adb36940e4d06acefd9ca4196bce1cbbe3a76,Rumba music   Dusk Till Dawn   Dj Nassos B (23 BPM,7a0adb36940e4d06acefd9ca4196bce1cbbe3a76.mp3,,rumba
e015c5d2bc31dfc1869c4eda68f2de6c077d2023,Rumba music Antonio Minas – Mi Gran Amor Te Di,e015c5d2bc31dfc1869c4eda68f2de6c077d2023.mp3,,rumba
972b1042fb4d40cbb81b8c5f6c138477fd277299,Rumba music DJ Marc – One Shining Moment,972b1042fb4d40cbb81b8c5f6c138477fd277299.mp3,,rumba
8e82083ab05ceb69970a0cb5daf8651b2d1b48f4,Rumba music Jose Feliciano – Cuando Pienso En Ti,8e82083ab05ceb69970a0cb5daf8651b2d1b48f4.mp3,,rumba
dac41d2f294ffe78392a1389f2265d1ceaf3eeb0,RUMBA No Diggity (Rumba  23 BPM,dac41d2f294ffe78392a1389f2265d1ceaf3eeb0.mp3,,rumba
b8de26c831485c903c8ec59325f43979d3269243,RUMBA SDS  Fields Of Gold (Rumba 25 BPM,b8de26c831485c903c8ec59325f43979d3269243.mp3,,rumba
b0a74ec53ed0842f4af175093a48ff3010918414,RUMBA SDS Uncover (Rumba 25 BPM,b0a74ec53ed0842f4af175093a48ff3010918414.mp3,,rumba
f485c5a1e678eb5376f7262b4f91c21ff2283f20,RUMBA Soi Nada,f485c5a1e678eb5376f7262b4f91c21ff2283f20.mp3,,rumba
a95ac9df8ee3adc12488b2724d79f75ddc30170c,RUMBA Sometimes (Rumba  26 Bpm,a95ac9df8ee3adc12488b2724d79f75ddc30170c.mp3,,rumba
9b80085fdf5da7f88956641a80c55abc7decc993,RUMBA Take That,9b80085fdf5da7f88956641a80c55abc7decc993.mp3,,rumba
115e179d685a5511bcaebf62490b019b17dbbd29,Rumba Tu recuerdo conmig,115e179d685a5511bcaebf62490b019b17dbbd29.mp3,,rumba
ed8db33f8ad3f64a54ebfcf5dbd828dfc09db3d4,RUMBA Voyage Voyage (Rumba 25BPM,ed8db33f8ad3f64a54ebfcf5dbd828dfc09db3d4.mp3,,rumba
78c6738264ea3bf7a593fab0c39bd870df076d48,RUMBA White Christmas (Rumba  26 BPM,78c6738264ea3bf7a593fab0c39bd870df076d48.mp3,,rumba
b766a27cd6490d63c16946bcb762509c2b6e83df,RUMBA White Christmas (Rumba  27BPM,b766a27cd6490d63c16946bcb762509c2b6e83df.mp3,,rumba
b8887e7c5c179d2a144e25a7e4bf1969c7966f68,RUMBA Winter Wonderland (Rumba  27BPM,b8887e7c5c179d2a144e25a7e4bf1969c7966f68.mp3,,rumba
260c8bf576b8a4cd8e7984af7df41bf61ead658a,RUMBA WRD Music Ltd   Ballroom & Latin   New Release Very  Latin 6 – ‘Girls Like You’ (orig Maroon 5) (rumba) from WRD Music & Dj Ice   Facebook,260c8bf576b8a4cd8e7984af7df41bf61ead658a.mp3,,rumba
e4975dbcaf6b85ae4d9da6890c99bf172e9bd757,SAMBA    JFla   Shape Of You (DJ Maksy Samba Remix) 51bpm,e4975dbcaf6b85ae4d9da6890c99bf172e9bd757.mp3,,samba
982c6fa41ee1274151306dc9b1fb7a353d928045,Samba   2 Brazil! (remix),982c6fa41ee1274151306dc9b1fb7a353d928045.mp3,,samba
8884334f5273a9c4cab6f8534696762795bf4e6c,SAMBA   Alvaro Soler   Animal,8884334f5273a9c4cab6f8534696762795bf4e6c.mp3,,samba
d165c7c103f23df6bd319251056f476aa692097d,"Samba   Calm Down   Rema, Selena Gomez (Ballroom Bar Remix",d165c7c103f23df6bd319251056f476aa692097d.mp3,,samba
f37d77c3e9e189d038e3d5addb3f1de90e280ec5,SAMBA   CDM u0026 DJ ICE   Limbo (Daddy Yankee Cover,f37d77c3e9e189d038e3d5addb3f1de90e280ec5.mp3,,samba
f6ca76e127b9688501c0d3fe5f0b7541eb3349a4,SAMBA   Dj Ice   Instruction (Jax Jones Cover,f6ca76e127b9688501c0d3fe5f0b7541eb3349a4.mp3,,samba
5ef91c56175aac619b72cff25adca366048ad1bb,Samba   El Bimbo   Rudi Boh,5ef91c56175aac619b72cff25adca366048ad1bb.mp3,,samba
0d1e05da69ada9639e0bbec6931e98e825c4c7ac,Samba   Gasolina   Boricua Boy,0d1e05da69ada9639e0bbec6931e98e825c4c7ac.mp3,,samba
0d64be4bb358e1eccbf50415b941ea5671ea33b2,Samba   Habibi   Kendji Girac (Ballroom Bar Remix,0d64be4bb358e1eccbf50415b941ea5671ea33b2.mp3,,samba
1f149f4315a74d86fa200ef38d46bc0035f01d40,Samba   Kill Bill   SZA (AllKeys Remix,1f149f4315a74d86fa200ef38d46bc0035f01d40.mp3,,samba
b5c8bb57c38e624d103a75fce46a59655cb6ab7d,SAMBA   Olivato Dancesport Orchestra Rio Branco,b5c8bb57c38e624d103a75fce46a59655cb6ab7d.mp3,,samba
072e187e396c7af7dbf1372be7fb0166b4e4a8af,Samba   Revolution   (Samba _ 50 Bpm),072e187e396c7af7dbf1372be7fb0166b4e4a8af.mp3,,samba
1ffb2681ff2474356b052c82212ac666bf634f26,SAMBA   Rockabye Baby   Clean Bandit feat Sean Paul  Anne Marie (Samba 51 BPM),1ffb2681ff2474356b052c82212ac666bf634f26.mp3,,samba
da9d1fed1e286b7e71f702d2b4608b32e0ebe146,Samba   Silent Nigh,da9d1fed1e286b7e71f702d2b4608b32e0ebe146.mp3,,samba
3e5a9caec932981fb34e91c4cce99c1df65fd0af,Samba   Spice up Your Life,3e5a9caec932981fb34e91c4cce99c1df65fd0af.mp3,,samba
7a0c6fae5edb432e87af7f1b0e4450433cbcbe18,Samba   Swalla (feat Nicki Minaj u0026 Ty Dolla $ign)   Jason Derul,7a0c6fae5edb432e87af7f1b0e4450433cbcbe18.mp3,,samba
7096a59f7dc04109b54d778c1fd030863c37e3a2,Samba   The Horns   DJ Katc,7096a59f7dc04109b54d778c1fd030863c37e3a2.mp3,,samba
c3c04ad540cb542422de7a2bf12ef1d8039263e0,SAMBA  La Trumpeta Alessandro Olivato,c3c04ad540cb542422de7a2bf12ef1d8039263e0.mp3,,samba
86bea2de9ab48a374744843a2679989b1f598461,SAMBA A Stodo Rito O la la,86bea2de9ab48a374744843a2679989b1f598461.mp3,,samba
5dbe8002400f92ec4ec04e36e2f27920e2b3406f,SAMBA A$AP Rocky upravená  Praise The Lord (Lyrics) Feat Skept,5dbe8002400f92ec4ec04e36e2f27920e2b3406f.mp3,,samba
74c245b83b20b89782fa447515dc41ce44f2b454,SAMBA Afro Bongo (Rework,74c245b83b20b89782fa447515dc41ce44f2b454.mp3,,samba
c1d869925b6e15c334f24e00a2a573a71e9c8211,SAMBA Alex Mica feat DEP u0026 Kalif – Latina Loca (Official Video,c1d869925b6e15c334f24e00a2a573a71e9c8211.mp3,,samba
ea812d2097d2b9ee9046f310c23b1106c8b7fa12,SAMBA Ay Papi!   Olivato Dancesport Orchestra BPM5,ea812d2097d2b9ee9046f310c23b1106c8b7fa12.mp3,,samba
2e2cbff20a7d5f38385420224411cbe4727b7975,SAMBA baila conmigo  jazz machine (samba,2e2cbff20a7d5f38385420224411cbe4727b7975.mp3,,samba
4f9ec422e1d9482f828adf7eecbd30d9febf78dc,SAMBA Bamboleo (Samba  53 BPM,4f9ec422e1d9482f828adf7eecbd30d9febf78dc.mp3,,samba
fd11622956bf6a11ac2390fba0eb391b4190cde9,SAMBA bbno$ u0026 Rich Brian   edamame (Official Video[1],fd11622956bf6a11ac2390fba0eb391b4190cde9.mp3,,samba
2e3b71e70aad01d6a67a56bdbd47c5ecfe8377ac,Samba Bella Ciao (Samba)   Watazu Remi,2e3b71e70aad01d6a67a56bdbd47c5ecfe8377ac.mp3,,samba
d4a11ebb06c487d348e2ca4618bac71a51f82a81,SAMBA Big Band Hötting   Moliendo Cafe (Samba,d4a11ebb06c487d348e2ca4618bac71a51f82a81.mp3,,samba
202509f2429a41ec569230499cb1aee24b77fb65,SAMBA Blanka   Solo [Official Music Video,202509f2429a41ec569230499cb1aee24b77fb65.mp3,,samba
f8da8c5056ef5305c0c693d3fa8b617413c9a30a,SAMBA Boom Boom (Samba 51 BPM,f8da8c5056ef5305c0c693d3fa8b617413c9a30a.mp3,,samba
cfbc2647eae3b4ad0c038a2e57535ba578cb9229,SAMBA Cher  upravená Do,cfbc2647eae3b4ad0c038a2e57535ba578cb9229.mp3,,samba
4733c30622a9ba32cea8e7fc5fad281223ce66bb,SAMBA Coffee Song (Samba  50 BPM,4733c30622a9ba32cea8e7fc5fad281223ce66bb.mp3,,samba
5a1405ec44d0622b0281c0fa8fa958eea3587c32,SAMBA Cruzado,5a1405ec44d0622b0281c0fa8fa958eea3587c32.mp3,,samba
9486e48348e51f241be35f3ba1ecf4ba97f9f5a8,SAMBA Daddy Yankee x upravená El Alfa x Lil Jon   Bombón (Official Video,9486e48348e51f241be35f3ba1ecf4ba97f9f5a8.mp3,,samba
cde29379d33ff46a59c6bf471812619a0f15210e,SAMBA Dancing Queen (Quickstep,cde29379d33ff46a59c6bf471812619a0f15210e.mp3,,samba
91c96e9e35283853cf4a3e61b59663fb57e0f92e,SAMBA Devotion   Latin Great Energy 51BP,91c96e9e35283853cf4a3e61b59663fb57e0f92e.mp3,,samba
a2d9b6f823f8b4a99002ef555b26fb77bd31f38a,SAMBA Empress Orchestra   I Love You and Do,a2d9b6f823f8b4a99002ef555b26fb77bd31f38a.mp3,,samba
7c0df8fb084242219866f586180afe141edfa548,SAMBA First Arabian Samba (Samba  50 BPM,7c0df8fb084242219866f586180afe141edfa548.mp3,,samba
287b98d81b66b4254e95b33a6c443894c0cb147d,SAMBA Full Thrift Samba (Samba  50 BPM,287b98d81b66b4254e95b33a6c443894c0cb147d.mp3,,samba
bcb84b6dce785852db6a075159b58850c735e431,SAMBA Gigi D'Alessio   'Mi chica bomba'   'Noi Siamo D'Alessiani Official Group',bcb84b6dce785852db6a075159b58850c735e431.mp3,,samba
beaa1b263f9b4e73e724d9f0860da6e83530a192,SAMBA Give It Up ►SAMBA MUSIC MIX 3,beaa1b263f9b4e73e724d9f0860da6e83530a192.mp3,,samba
c9f1467956b812a821521e864fd6e9703c5eb937,SAMBA Hotel California (Samba  50 Bpm,c9f1467956b812a821521e864fd6e9703c5eb937.mp3,,samba
29749797554a47d2c0dd60e86b6df4712fb201a3,SAMBA Iko Iko (Samba 51 BPM),29749797554a47d2c0dd60e86b6df4712fb201a3.mp3,,samba
1691baa9d5b29750406851ccd48593403823c6db,SAMBA INNA x Sean Paul   Up (Official Video,1691baa9d5b29750406851ccd48593403823c6db.mp3,,samba
d80efe2bb4c799020b0350bc0de65790d62c54d9,SAMBA Jingle Bells (Samba,d80efe2bb4c799020b0350bc0de65790d62c54d9.mp3,,samba
13b638c775555cc6f77e8192e01fe712969eec29,SAMBA John Lennon   Give Peace A Chance 196,13b638c775555cc6f77e8192e01fe712969eec29.mp3,,samba
d3c03c729eb4db3f4bf5642fe2ed7096633418ac,Samba Justin Wellington   Iko Iko (My Bestie) feat Small Ja,d3c03c729eb4db3f4bf5642fe2ed7096633418ac.mp3,,samba
98413ca207e526eaad50c48396332d0f96d9b380,SAMBA Karl Schmidt Big Band   Coco Jambo (Samba,98413ca207e526eaad50c48396332d0f96d9b380.mp3,,samba
2a0dd8efd148a3c13dc9c4a9f5a9b991a7364c78,SAMBA Kuku kuku,2a0dd8efd148a3c13dc9c4a9f5a9b991a7364c78.mp3,,samba
bbc039d0131458444d17a429f3c011c1d582b81e,SAMBA La Bamba (Samba  50 BPM,bbc039d0131458444d17a429f3c011c1d582b81e.mp3,,samba
d7a9461c849b14e91be0b0d7bc75a70716da2667,Samba Liz Abella - Baila Baila,d7a9461c849b14e91be0b0d7bc75a70716da2667.mp3,,samba
f70e0b2218d95920a0323a298477578f8308fa77,SAMBA Lucrecia   La Vida Es Un Carnaval (Official Video),f70e0b2218d95920a0323a298477578f8308fa77.mp3,,samba
5e77a85b6b9bdca98b5353a9b8eb3912e2d768b5,SAMBA Mambo Jingle Bells   Samb,5e77a85b6b9bdca98b5353a9b8eb3912e2d768b5.mp3,,samba
4e2b537aa5233b8918b923c73cb1fa8cb526beca,SAMBA Modern Talking   Cheri Cheri Lady upravená (Official Music Video,4e2b537aa5233b8918b923c73cb1fa8cb526beca.mp3,,samba
61ade0c05fbc7e0d565b063ba8f09a40181be2a7,SAMBA Move Baby Move (Samba  50 BPM,61ade0c05fbc7e0d565b063ba8f09a40181be2a7.mp3,,samba
0e139761861964d2a6e3f34f1563cd4508c0270a,Samba music Azuquita – Baila Para Mi,0e139761861964d2a6e3f34f1563cd4508c0270a.mp3,,samba
926e44016b7ce219fc9d5b54503f42b8e57dae97,Samba music Dancelife – Tu Picadura,926e44016b7ce219fc9d5b54503f42b8e57dae97.mp3,,samba
9e66ff6a1d0d8102ae389117e35f09346eff59cd,Samba music Prandi Sounds – Sambando,9e66ff6a1d0d8102ae389117e35f09346eff59cd.mp3,,samba
ae5be69a3f25eda634ec2cacb4e2c8b6b69edc26,Samba music Qu0026Q – Batuca Gum,ae5be69a3f25eda634ec2cacb4e2c8b6b69edc26.mp3,,samba
e6a2ce1f72253af526b6987068079e5ae17b6fd7,SAMBA O o o E ó Lelele O o o E ó,e6a2ce1f72253af526b6987068079e5ae17b6fd7.mp3,,samba
c6dc5a98ee21f52d32565f55d569973ae1a315d6,SAMBA Passist,c6dc5a98ee21f52d32565f55d569973ae1a315d6.mp3,,samba
fccedcbfb8e64bb83593978fa6d047c2946167d1,SAMBA Pinacolada Tekila bum bum,fccedcbfb8e64bb83593978fa6d047c2946167d1.mp3,,samba
12b75b7396a3ef2ef43093887fff57a4b1578f76,SAMBA Pitbull upraveno  3 to Tango (Video Oficial),12b75b7396a3ef2ef43093887fff57a4b1578f76.mp3,,samba
985b104bebe59f1c6aa59ebb45d67543147dafb8,SAMBA Ritmo Y Sabor [Samba 51 bpm] - Los Sobraos,985b104bebe59f1c6aa59ebb45d67543147dafb8.mp3,,samba
d251727b7523003c3155c997cd808cc2e48b3e18,SAMBA SA2EA0~1,d251727b7523003c3155c997cd808cc2e48b3e18.mp3,,samba
2cb3873965ab1287f5b4c987deba8a240e0d9026,SAMBA Sak Noel upravená Salvi ft Sean Paul   Trumpets (Official Video),2cb3873965ab1287f5b4c987deba8a240e0d9026.mp3,,samba
692386d35d41d0351c9c69c6d635592bbbcc7bba,"SAMBA Sandro Cavazza, Georgia Ku   Love To Los",692386d35d41d0351c9c69c6d635592bbbcc7bba.mp3,,samba
e1c52db43c878a07905376e26c21c82bae1bd476,SAMBA Steel Drum,e1c52db43c878a07905376e26c21c82bae1bd476.mp3,,samba
a6c9fbaea475bf37e021ea800e618612f051d164,SAMBA SÚBEME LA RADIO (Samba Edit)   Enrique Iglesias ft Santi Barreiro  DANCESPORT MUSIC 2017,a6c9fbaea475bf37e021ea800e618612f051d164.mp3,,samba
eb6ffd0a64d3ade464d8e3447174424592546b41,SAMBA Take a Chance on Me (Samba,eb6ffd0a64d3ade464d8e3447174424592546b41.mp3,,samba
ce5f9da343e1678f51608dd48186f3e7f2df1b7e,SAMBA Toma Toma Samb,ce5f9da343e1678f51608dd48186f3e7f2df1b7e.mp3,,samba
6a7a25388dc38a3f6fededf00226218efcebe243,Samba Utopia   Bang La Decks vs DJ Move It (Samba 51 BPM),6a7a25388dc38a3f6fededf00226218efcebe243.mp3,,samba
38cd2255b8db53778725f2229cb984b3a097197c,SAMBA Ven A Vivir upravená [Samba 51 bpm] - Gusanito,38cd2255b8db53778725f2229cb984b3a097197c.mp3,,samba
8a3128fc73bf7c0042e31241c91495b0b4dfe96f,Samba52   Jingle Bells cover (Dj Mitya,8a3128fc73bf7c0042e31241c91495b0b4dfe96f.mp3,,
19901a97a32322dc33644cb69635b72cda514db1,Slow Fox   Dolce Vita,19901a97a32322dc33644cb69635b72cda514db1.mp3,,slowfox
724e4e20981836d1cdb13f28e6c5ca61be1581c6,Slow Fox   Feeling Good,724e4e20981836d1cdb13f28e6c5ca61be1581c6.mp3,,slowfox
32195fea1f1263e91753c6c62c47f4f453ed732f,Slow Fox   White Christma,32195fea1f1263e91753c6c62c47f4f453ed732f.mp3,,slowfox
97a184c80a5df7e8bdc69dd990bc3914c24e632d,SLOW FOXTROT   7 Years (André Remix)   29bpm,97a184c80a5df7e8bdc69dd990bc3914c24e632d.mp3,,slowfox
ce1a55e9eae797645cc6016dfe046f22eb92f512,SLOW FOXTROT   Beat it (DJ HERO),ce1a55e9eae797645cc6016dfe046f22eb92f512.mp3,,slowfox
4101fedf71e9cc2a073534c6c84726af996594e3,SLOW FOXTROT   Dj Ice   All About That Bass (Meghan Trainor cover),4101fedf71e9cc2a073534c6c84726af996594e3.mp3,,slowfox
ca36df9ca3279ac508a9b5f4681e953d855db5fd,SLOW FOXTROT   Dj Ice   Killer Queen,ca36df9ca3279ac508a9b5f4681e953d855db5fd.mp3,,slowfox
194a7b86cbbd2a459eb66e59c32e79a4d9bd510f,SLOW FOXTROT   Oops I Did It Again,194a7b86cbbd2a459eb66e59c32e79a4d9bd510f.mp3,,slowfox
35a009bc3cf0397ded5e6b582df98b1f2ae49372,SLOW FOXTROT  Foxtrot   Theme of Pink Panther,35a009bc3cf0397ded5e6b582df98b1f2ae49372.mp3,,slowfox
aa810f893848258632cc23806bd7de5dd6fb3a8e,Slow Foxtrot Michael Jackson   You are not alone (slowfox version),aa810f893848258632cc23806bd7de5dd6fb3a8e.mp3,,slowfox
77f2790b9711782f3d3e55b72662348828921722,Slow Foxtrot music Amber Couple – Fallen Leaves,77f2790b9711782f3d3e55b72662348828921722.mp3,,slowfox
8a0397ad9c85d63d8688b1601ed911295fc4feac,Slow Foxtrot music Beth  Johny M – Prayer In C,8a0397ad9c85d63d8688b1601ed911295fc4feac.mp3,,slowfox
2334166118a58ef8cf509fae854385abac378ac1,Slow Foxtrot music Dancing Ballroom Orchestra – Walking On A Sunday,2334166118a58ef8cf509fae854385abac378ac1.mp3,,slowfox
bbb52f404ddbb90824db1f2eadfaa70dd7670817,Slow Foxtrot music Ian Lumley – Capone,bbb52f404ddbb90824db1f2eadfaa70dd7670817.mp3,,slowfox
28aba8dbbde1df91cdd862737d6e9afb68fe65b8,Slow Foxtrot Sinead O'Connor   Why Don't You Do Right   Slow Foxtrot music,28aba8dbbde1df91cdd862737d6e9afb68fe65b8.mp3,,slowfox
182c8dfe17d0e09edfa3cac1eefa8ffe5bb89720,Slow Foxtrot Sweet Dreams   Foxtrot,182c8dfe17d0e09edfa3cac1eefa8ffe5bb89720.mp3,,slowfox
37f9e03b187e90d12da31a7a9d08a8dcfcfe6264,SLOW ROCK Rihanna   Lift Me Up (From Black Panther Wakanda Forever,37f9e03b187e90d12da31a7a9d08a8dcfcfe6264.mp3,,
5aaea2fdd8ac0fdd367af7b2321b8390c046e740,SLOWFOX   Dj Ice   E,5aaea2fdd8ac0fdd367af7b2321b8390c046e740.mp3,,slowfox
d122adb061ffa8be2c6b008a92bb760144435f81,SLOWFOX  Autumn Leaves   Cannonball Adderle,d122adb061ffa8be2c6b008a92bb760144435f81.mp3,,slowfox
96785189c504c803dba7955797a0ea92cdab9b95,SLOWFOX Bad Romance - Berk & The Virtual Band,96785189c504c803dba7955797a0ea92cdab9b95.mp3,,slowfox
4ce48901a095831cceecfa1f5a6886254f592d3a,SLOWFOX Beautiful life [Slow Foxtrot 28BPM,4ce48901a095831cceecfa1f5a6886254f592d3a.mp3,,slowfox
608d7f2962bf5208d8c046ca664db877d4c07689,SLOWFOX Christmas Song (Slow Foxtrot  29BPM,608d7f2962bf5208d8c046ca664db877d4c07689.mp3,,slowfox
973da37478ac530327be1ed18d91b9635a3a9110,SLOWFOX Do,973da37478ac530327be1ed18d91b9635a3a9110.mp3,,slowfox
bcbc4ef0b08f38fce9674a0b1a4bd97812ca942c,SLOWFOX Fever (Slow Fox  30 BPM,bcbc4ef0b08f38fce9674a0b1a4bd97812ca942c.mp3,,slowfox
c4a09a8d636154145a1b85af0f67cec3ec3d4d72,SLOWFOX Foxtrot    Livi,c4a09a8d636154145a1b85af0f67cec3ec3d4d72.mp3,,slowfox
b4466bb91f9890d50c56c3bc8fd173555f3cec40,SLOWFOX Foxtrot   Chill   Anna Davi,b4466bb91f9890d50c56c3bc8fd173555f3cec40.mp3,,slowfox
63c1f01716c43884e50b03c512d83d9b6b586b25,SLOWFOX Foxtrot   Dancing With You   Jeff Meega,63c1f01716c43884e50b03c512d83d9b6b586b25.mp3,,slowfox
2578211274f9a48872006f2223afc681082dba21,SLOWFOX Foxtrot   Every Breath You Take   Music Travel Lov,2578211274f9a48872006f2223afc681082dba21.mp3,,slowfox
0c99a8d3e8e0431d2f5de078302cba5751db8477,SLOWFOX Foxtrot   Fly me to the Moon   Frank Sinatr,0c99a8d3e8e0431d2f5de078302cba5751db8477.mp3,,slowfox
155d4687aab9b0678facdb80ed444e2002f684ce,SLOWFOX Foxtrot   If There Was,155d4687aab9b0678facdb80ed444e2002f684ce.mp3,,slowfox
4d4bbf2c1d57ff5db66b622a6ab6432ca28b5e27,"SLOWFOX Foxtrot   In the Cold, Cold Night   Tracey Thor",4d4bbf2c1d57ff5db66b622a6ab6432ca28b5e27.mp3,,slowfox
08e714a9abc9472bbad114024a6ca76188d427f8,SLOWFOX Foxtrot   Just Dance   Lady Gag,08e714a9abc9472bbad114024a6ca76188d427f8.mp3,,slowfox
cd1bad5b50f3aa515d38c0f67a94919fa673eca6,SLOWFOX Foxtrot   Love Makes The World Go Round   Bruce Willi,cd1bad5b50f3aa515d38c0f67a94919fa673eca6.mp3,,slowfox
071ff32b0cb6c191dccf9fd64003403cfa87bb5c,SLOWFOX Foxtrot   Purple Rain   The Cooltrane Quarte,071ff32b0cb6c191dccf9fd64003403cfa87bb5c.mp3,,slowfox
b88a40842338470fa246464ce91225eee9d54389,SLOWFOX Foxtrot   Take This Love And Bury It   Little Rache,b88a40842338470fa246464ce91225eee9d54389.mp3,,slowfox
a85ead9b4b118fa5e0cf90376e4bb3ee91698663,SLOWFOX Have Yourself a Merry Little Christmas (Slow Foxtrot  28BPM,a85ead9b4b118fa5e0cf90376e4bb3ee91698663.mp3,,slowfox
bd0b6a7de97d059355e42c7c46eea164fa20587e,SLOWFOX Human Nature   White Christma,bd0b6a7de97d059355e42c7c46eea164fa20587e.mp3,,slowfox
1e64f4a9c50030ed4a14ebaf18eda5b090be6950,SLOWFOX Ice Ice Baby (Slow Foxtrot 29BPM,1e64f4a9c50030ed4a14ebaf18eda5b090be6950.mp3,,slowfox
0ae95bd23f035aaae38e48c3be845bd622cdfbbd,SLOWFOX Il Tempo Se Ne Va (SlowFox  29 Bpm,0ae95bd23f035aaae38e48c3be845bd622cdfbbd.mp3,,slowfox
776401b1aa6dd10fd984764c38a51bec0d57b044,SLOWFOX In Just That Kind Of A Mood - Jonny Blu,776401b1aa6dd10fd984764c38a51bec0d57b044.mp3,,slowfox
1e41a5025f403dad4c0b20519456997c9ad99054,SLOWFOX Infinity (Slowfox 29,1e41a5025f403dad4c0b20519456997c9ad99054.mp3,,slowfox
3d6ded32419db4c8cf6a771dfb7ea06e6480905a,SLOWFOX Its My Life SlowFox,3d6ded32419db4c8cf6a771dfb7ea06e6480905a.mp3,,slowfox
68442ec21cb4e98dcf24ba09a4c705e89b9cce46,SLOWFOX Kookies and Kream - Miss Kookie,68442ec21cb4e98dcf24ba09a4c705e89b9cce46.mp3,,slowfox
6b0eb83d82ab407414382862af11228573296d2d,SLOWFOX Lauren Spencer Smith   Fingers Crosse,6b0eb83d82ab407414382862af11228573296d2d.mp3,,slowfox
d94916481801a0de5ed5565505966f886eb61210,SLOWFOX Perfect (Foxtrot,d94916481801a0de5ed5565505966f886eb61210.mp3,,slowfox
70110ebc0259c3e97121847645acee9f133bd852,SLOWFOX So Emotional - Michelle Willson,70110ebc0259c3e97121847645acee9f133bd852.mp3,,slowfox
51e42b9ab04423781d0ea40b5e4dd091fc9286bf,SLOWFOX Under Attack (Foxtrot,51e42b9ab04423781d0ea40b5e4dd091fc9286bf.mp3,,slowfox
16fddaba9362eadc73188c99c978d72210b134aa,SLOWFOX Way You Look Tonight (Slow Foxtrot  27 BPM,16fddaba9362eadc73188c99c978d72210b134aa.mp3,,slowfox
a82d457076c8ce7aef1655c1521b318766961533,SLOWFOXTROT    Lemon Tree (DJ HERO)[1],a82d457076c8ce7aef1655c1521b318766961533.mp3,,
ef1584e86eef5e76e81ba7992a5957a595106772,SLOWFOXTROT   Timber Rico s Ballroom Lounge Orchestra,ef1584e86eef5e76e81ba7992a5957a595106772.mp3,,
c34cb6ad1767fa37d6c78910fe942a99dbc1d91c,SLOWFOXTROT  Mean To Me Rosemary Clooney,c34cb6ad1767fa37d6c78910fe942a99dbc1d91c.mp3,,
ed4113cc378e644b1af3c696cab8902c97cb0edc,SLOWFOXTROT  Raindrops Keep Falling On My Head,ed4113cc378e644b1af3c696cab8902c97cb0edc.mp3,,
156c11db228dc96b5f3203377cd3d79c0117f8b2,SLOWFOXTROT  Wade In The Water Eva Cassidy,156c11db228dc96b5f3203377cd3d79c0117f8b2.mp3,,
bfe8abfc3d15c069015132c1508ce8d7c0e074bf,SLOWFOXTROT At Long Last Love MUSIC MIX 2,bfe8abfc3d15c069015132c1508ce8d7c0e074bf.mp3,,
b6dbe0dfb9b1ce5bde30c13973506c81390bce36,SLOWFOXTROT Come Blow Your Horn MUSIC MIX 1[1],b6dbe0dfb9b1ce5bde30c13973506c81390bce36.mp3,,
b922d0ffc38d2e8ecbd08245aa36e2d71ba7c302,SLOWFOXTROT Come Dance With Me MUSIC MIX 2,b922d0ffc38d2e8ecbd08245aa36e2d71ba7c302.mp3,,
e0384c006c584a9866cf4811477f5453be4c5510,SLOWFOXTROT Crush On You MUSIC MIX 2,e0384c006c584a9866cf4811477f5453be4c5510.mp3,,
0664db8abb1bd9686e097bb725846eb3df1296ec,SLOWFOXTROT Ecco La Felicita,0664db8abb1bd9686e097bb725846eb3df1296ec.mp3,,
98dc3f87df3c2a128f0b66c02b28300934893945,SLOWFOXTROT King Of the Road MUSIC MIX 1[1],98dc3f87df3c2a128f0b66c02b28300934893945.mp3,,
37a589cd4ffd3a8eccb14b41fffe3c516470ce02,SLOWFOXTROT music Ian Lumley – Capone upravený,37a589cd4ffd3a8eccb14b41fffe3c516470ce02.mp3,,
c505383e4eb5f4e430ff8ddef42491473eb221ef,Tango   Bad Romance   Lady Gaga,c505383e4eb5f4e430ff8ddef42491473eb221ef.mp3,,tango
a974779449764c609adbcb993d8c258127cdb997,Tango   Believer   Imagine Dragon,a974779449764c609adbcb993d8c258127cdb997.mp3,,tango
fabde3687d9f461e3758cfe0b5a0f4cbc45b2ea7,Tango   Black Sheep   Valentin,fabde3687d9f461e3758cfe0b5a0f4cbc45b2ea7.mp3,,tango
dc9144dd45d5aefe3970d27b753d87c6810ca07a,Tango   Blue   GnuS Cell,dc9144dd45d5aefe3970d27b753d87c6810ca07a.mp3,,tango
d7870b823a4e4d282882d3a086ddb814c27e372f,Tango   Buenos Aires Underground   Jose Rendon Santan,d7870b823a4e4d282882d3a086ddb814c27e372f.mp3,,tango
f0635ec4a231f372838189743bdf82b55b2b5e96,TANGO   Dj Ice   Astronomia (Coffin Dance,f0635ec4a231f372838189743bdf82b55b2b5e96.mp3,,tango
6a13470f68657e3b5c0b01d2d21e17ffe3e22138,TANGO   Dj Ice   Sour Cand,6a13470f68657e3b5c0b01d2d21e17ffe3e22138.mp3,,tango
2149e893bf3103432fa862a5ede783735de9ff15,Tango   Enjoy The Silence   Depeche Mod,2149e893bf3103432fa862a5ede783735de9ff15.mp3,,tango
e41449ba10f68b697b2aabd8dbd74728ba30a5bc,Tango   Hot Stuff,e41449ba10f68b697b2aabd8dbd74728ba30a5bc.mp3,,tango
67f6b91f489b62829560d2fd6ed2da3d727edf52,Tango   I,67f6b91f489b62829560d2fd6ed2da3d727edf52.mp3,,tango
d6531115e07da33998aad4d014cdb1ac0b82ef44,Tango   La Felicida,d6531115e07da33998aad4d014cdb1ac0b82ef44.mp3,,tango
4f0b35f2a16a1f3b5b1690b6237cd67a966049d0,Tango   La Hada Y El Gordo   Medialuna Tango Projec,4f0b35f2a16a1f3b5b1690b6237cd67a966049d0.mp3,,tango
9f4d140c2055db90862209fa2a46fb3b6a4b2250,Tango   Last Tango In Paris   Jeff Steinber,9f4d140c2055db90862209fa2a46fb3b6a4b2250.mp3,,tango
8c6352b6a3d793e50c88b4b4d0914947fe305191,Tango   Love Me Again   John Newma,8c6352b6a3d793e50c88b4b4d0914947fe305191.mp3,,tango
a57400b576acf01bb8cff059b7a3962f5b5ea131,Tango   Oelle Como Espiritu   Mandragora Orchestr,a57400b576acf01bb8cff059b7a3962f5b5ea131.mp3,,tango
8227bd28b9b519447833670086066cff1a455d41,Tango   Ole Guapa    Alfred Hause,8227bd28b9b519447833670086066cff1a455d41.mp3,,tango
35ddd1303127edad0bda6591fc599d7401e2724a,Tango   Ride It   Klaus Hallen Tanz Orcheste,35ddd1303127edad0bda6591fc599d7401e2724a.mp3,,tango
61650fdf50b36212268490f0a30327f60ef6dd41,Tango   Set fire to the rain,61650fdf50b36212268490f0a30327f60ef6dd41.mp3,,tango
de0e506b490fa64fe306026ee6f737ed09af05cf,Tango   Somebody That I Used To Know,de0e506b490fa64fe306026ee6f737ed09af05cf.mp3,,tango
09d2e8f574b11417eef3e63ad446a0f96a238e62,Tango   Tango De Manzana   Kevin MacLeo,09d2e8f574b11417eef3e63ad446a0f96a238e62.mp3,,tango
f19662960ca76c1943232012989c17a7a98413d4,Tango   The Little Drummer Bo,f19662960ca76c1943232012989c17a7a98413d4.mp3,,tango
3b10e7f49545c6d457a18c347856a8892e3410e1,Tango   The Phantom Of The Opera,3b10e7f49545c6d457a18c347856a8892e3410e1.mp3,,tango
bd46efd04e3ccdda9550dd27a407d89e5171a664,TANGO Bad Habits [Tango 32BPM,bd46efd04e3ccdda9550dd27a407d89e5171a664.mp3,,tango
896253e21c0f5bd82d2e0729e536cba68ca59beb,TANGO Buenos Aires,896253e21c0f5bd82d2e0729e536cba68ca59beb.mp3,,tango
7da50adf71f5a4ec16992f8039cb2f1c7824ea90,"TANGO Enrico Macias    Tango, L",7da50adf71f5a4ec16992f8039cb2f1c7824ea90.mp3,,tango
459247922a2c7a10db9cc9b9bbc86fdfa2eb69d4,TANGO Happy Together [Tango 32BPM,459247922a2c7a10db9cc9b9bbc86fdfa2eb69d4.mp3,,tango
c4274c10bdffedf571e454f0744c52f647ecc7eb,TANGO I Believe in Father Christmas [Tango  60 BPM] (feat Ross Mitchell,c4274c10bdffedf571e454f0744c52f647ecc7eb.mp3,,tango
c1cde7406d4b1163d93ebd1e3ac32951d0912c1e,TANGO Infinity [Tango 32BPM,c1cde7406d4b1163d93ebd1e3ac32951d0912c1e.mp3,,tango
8b1ffd8a08a85b979361c4b07647c5acd1f1d322,TANGO Its Mime Tango[1],8b1ffd8a08a85b979361c4b07647c5acd1f1d322.mp3,,tango
c2db2172f0aec4e1ef16585c26cc2c15882c6a4e,TANGO Life (Tango 32BPM,c2db2172f0aec4e1ef16585c26cc2c15882c6a4e.mp3,,tango
bc8255d8bec764b34162dab27b67673ab83ac4b0,TANGO Little Drummer Boy (Tango,bc8255d8bec764b34162dab27b67673ab83ac4b0.mp3,,tango
8d094a2a97a5225facde330d82124921de955fd9,TANGO music   Smooth Operato,8d094a2a97a5225facde330d82124921de955fd9.mp3,,tango
605d0646b6787907835bb44c3bbbbfe50669c5da,Tango music Amber Couple – Tango,605d0646b6787907835bb44c3bbbbfe50669c5da.mp3,,tango
617d9d7d0f924da6643a0740956cd77f5b2e3d0d,Tango music Besame Mucho,617d9d7d0f924da6643a0740956cd77f5b2e3d0d.mp3,,tango
9ca0fad50c3a0470d19866cce4b9492ffd30a088,Tango music Besame Mucho upraveno kratší,9ca0fad50c3a0470d19866cce4b9492ffd30a088.mp3,,tango
f208fa734495980a441a92afb7d287035eacea41,Tango music Eros Ramazotti – Terra Promessa,f208fa734495980a441a92afb7d287035eacea41.mp3,,tango
56493e9c1dff05436ec1427ecc5c6842a148c067,Tango music Mark Kilian – Twilight Tango,56493e9c1dff05436ec1427ecc5c6842a148c067.mp3,,tango
191a47c5653b1a5382effd5e0d9581624dde84fa,Tango music Prandi Sound Tango Ensemble – El Vaquero,191a47c5653b1a5382effd5e0d9581624dde84fa.mp3,,tango
877f7e696132ff52a73d4b9873fb66110546a7c9,Tango music Santa Fe – Que Baja Que Sube,877f7e696132ff52a73d4b9873fb66110546a7c9.mp3,,tango
0ea249f0d513585f49e32d56ab7e99783130ce83,TANGO Perfidia (Tango  33 BPM,0ea249f0d513585f49e32d56ab7e99783130ce83.mp3,,tango
765fd683cb91370fffc83806234de22c239ce95c,TANGO Pistols At Dawn upravené (Tango),765fd683cb91370fffc83806234de22c239ce95c.mp3,,tango
0ae6fb95849143c566f6fef0307a92cea85a3c5f,Tango Prandi Sound - Amado Tango,0ae6fb95849143c566f6fef0307a92cea85a3c5f.mp3,,tango
e87607dd7210ed5801559bc5612d88adbb755cd6,TANGO Roxane bez zpěvu 💃 Music Mix,e87607dd7210ed5801559bc5612d88adbb755cd6.mp3,,tango
894082270069a2d3bbaf7969c5d72afc0105c06c,TANGO Roxann,894082270069a2d3bbaf7969c5d72afc0105c06c.mp3,,tango
8a851574e16c3ab0a9eb381e3f7db830f2b24c20,Tango Sensual [Tango 32 bpm] - Teo Lavanga,8a851574e16c3ab0a9eb381e3f7db830f2b24c20.mp3,,tango
0f8f76f66a1c01b0d98c75ad12b537e0d9beb01a,TANGO Shaggy Feat Brian u0026 Tony Gold – Hey Sexy Lady   Tango musi,0f8f76f66a1c01b0d98c75ad12b537e0d9beb01a.mp3,,tango
a04e87a9c1f35c991c3dd752a3997520bc55f76a,TANGO SOS (Tango,a04e87a9c1f35c991c3dd752a3997520bc55f76a.mp3,,tango
147f9739e6480a2d7004e300daeec79039e707a1,TANGO Sway (Tango Mix Version,147f9739e6480a2d7004e300daeec79039e707a1.mp3,,tango
355f83d0d7af147620152de226ebcf90a468bfbe,TANGO Unholy (Short Version) (Tango 32BPM,355f83d0d7af147620152de226ebcf90a468bfbe.mp3,,tango
86185174222624114c292ac4e42c884f4d5dfddd,TANGO What Is Love (Tango 32BPM,86185174222624114c292ac4e42c884f4d5dfddd.mp3,,tango
d5f523c9842b4d86e722fde38405bf75b70147af,Tango31   Cher   Believe    (Dj Mitya remix) (Preview),d5f523c9842b4d86e722fde38405bf75b70147af.mp3,,
a3ca7533d4ee0655d6dfcfd9f27f7e1162b4a2f6,VALČÍK   Can,a3ca7533d4ee0655d6dfcfd9f27f7e1162b4a2f6.mp3,172.3,viennese waltz
78580b52d7c22b7b82f6a9dc0323b9de66d0d361,VALČÍK   Dj Ice   Love Yourself,78580b52d7c22b7b82f6a9dc0323b9de66d0d361.mp3,90.7,viennese waltz
a16bd054587489fbc45e81161232a542f82e0be5,VALČÍK  Ballerina Ricardo Zefarelli,a16bd054587489fbc45e81161232a542f82e0be5.mp3,172.3,viennese waltz
77abd7c6df7fb14f91b339d8d2f23a1f91f9965a,VALČÍK  Believe In Three Hazelnuts,77abd7c6df7fb14f91b339d8d2f23a1f91f9965a.mp3,172.3,viennese waltz
070e44192fc607b093b8ef8e21bed566c4ed3121,VALČÍK  Can't Help Falling In Love,070e44192fc607b093b8ef8e21bed566c4ed3121.mp3,184.6,viennese waltz
bd4d231d99d796e258e66e0d5d318274e78e781d,VALČÍK  How Deep Is Your Love,bd4d231d99d796e258e66e0d5d318274e78e781d.mp3,172.3,viennese waltz
2114c010d5a47dcac9350e43f614d7efe7b0dad0,VALČÍK DJ Maksy ft Korotkoff   Wicked Game (Viennese Waltz) [59BPM,2114c010d5a47dcac9350e43f614d7efe7b0dad0.mp3,178.2,viennese waltz
ecc30a5ff174b0fffd83d508d05b389000908c09,VALČÍK Frühlingsstimmen (Wiener Waltzer  60 BPM),ecc30a5ff174b0fffd83d508d05b389000908c09.mp3,89.1,viennese waltz
9513fcd0c053bcd60e70d6ee02f2816fa88e439a,VALČÍK Happy Christmas Viennese Walt,9513fcd0c053bcd60e70d6ee02f2816fa88e439a.mp3,161.5,viennese waltz
dd66562285233fa61ebb8838123943096c0c8628,VALČÍK Imagine Dragons   Next To Me,dd66562285233fa61ebb8838123943096c0c8628.mp3,56.2,viennese waltz
2e43db31bb3d07bfadd37437fa8f4aa8205873cc,VALČÍK Knockin' on Heaven's Door (From 'Pat Garrett and Billy the Kid') (Viennese Waltz 59BPM),2e43db31bb3d07bfadd37437fa8f4aa8205873cc.mp3,178.2,viennese waltz
bcfae63f0c8c6a6f7746fcdcf04c90a1097c67a7,VALČÍK No Time To Die (from James Bond,bcfae63f0c8c6a6f7746fcdcf04c90a1097c67a7.mp3,178.2,viennese waltz
0c3fe00e4a23551a51ababaa9aa2635312d50c0f,VALČÍK Piano Man (V Waltz,0c3fe00e4a23551a51ababaa9aa2635312d50c0f.mp3,172.3,viennese waltz
02ea16d017c9cc61cbed943de6f8745fddc40492,VALČÍK Pigalle [Wiener Walzer 59 bpm] - Schatteman And Couvreur,02ea16d017c9cc61cbed943de6f8745fddc40492.mp3,178.2,viennese waltz
c6d3de1d7b749a2bd93790dc3d593df3dff6c0db,VALČÍK Reckless [Viennese Waltz 59BPM,c6d3de1d7b749a2bd93790dc3d593df3dff6c0db.mp3,178.2,viennese waltz
8b83998eb2e04085043d0cde69f5d1133b7cf1ed,VALČÍK Valzer Viennese   Carol of the Bell,8b83998eb2e04085043d0cde69f5d1133b7cf1ed.mp3,172.3,viennese waltz
570cba70fb46435101ce54b3804bbeb1cbca2a3e,VALČÍK VIENNESE WALTZ   Dj Ice   Lavender's Blue (ft Jonna),570cba70fb46435101ce54b3804bbeb1cbca2a3e.mp3,172.3,viennese waltz
83153350a8e0d2aac89a5dcb94139fe2de0acc53,VALČÍK VIENNESE WALTZ   Dj Ice   Perfect (Ed Sheeran Cover),83153350a8e0d2aac89a5dcb94139fe2de0acc53.mp3,89.1,viennese waltz
34c2917c3c6603304b513e09ff0104bb6feb4c2e,VALČÍK VIENNESE WALTZ   Dj Ice ft Avery   Loyal Brave True (From Mulan,34c2917c3c6603304b513e09ff0104bb6feb4c2e.mp3,172.3,viennese waltz
4d63b476f306a65e60e8374b74663a53f2e84d72,VALČÍK Viennese Waltz   Secrets (59 BPM),4d63b476f306a65e60e8374b74663a53f2e84d72.mp3,178.2,viennese waltz
7fa6b0f1a6fed0c7b88c6b54a4234e3f4b604330,Valčík   Hallelujah,7fa6b0f1a6fed0c7b88c6b54a4234e3f4b604330.mp3,94.0,viennese waltz
20d8b42f4347ad7da738876f1ea5d9e3cfe6087f,Viennese Waltz   Secrets (59 BPM),20d8b42f4347ad7da738876f1ea5d9e3cfe6087f.mp3,178.2,viennese waltz
5edf7bf4bf094505f723d04deea302d697ec7591,VÁLČÍK Saviou,5edf7bf4bf094505f723d04deea302d697ec7591.mp3,,viennese waltz
394e9c7444bb19931fd605187d7e7f8d503e44fd,WALTZ     Dj Ice   Concerning Hobbits (from Lord Of the Rings) (29 BPM),394e9c7444bb19931fd605187d7e7f8d503e44fd.mp3,87.6,waltz
ecb27b625cab64d62527ea3b463c33f490134ff0,Waltz    Horchat hai caliptus,ecb27b625cab64d62527ea3b463c33f490134ff0.mp3,84.7,waltz
bbc68a75ebc11da13a9a74ac7ced1ce0fb598f33,Waltz    It is You,bbc68a75ebc11da13a9a74ac7ced1ce0fb598f33.mp3,178.2,viennese waltz
de7c7aeff997eb9c970735c6264bd7135653ddfd,WALTZ    music Damien Rice – Under The Tongue,de7c7aeff997eb9c970735c6264bd7135653ddfd.mp3,87.6,waltz
ef78859fc97effa8cd45eb49ac60dd0ce51502c0,WALTZ    music Thao Nguyen Xanh – Sad Romance,ef78859fc97effa8cd45eb49ac60dd0ce51502c0.mp3,87.6,waltz
01b851eb4b9bac47867285ee172a6f9370c85f77,WALTZ    Silver bell,01b851eb4b9bac47867285ee172a6f9370c85f77.mp3,87.6,waltz
4a811041a986dbb897757a0d2e4220a678957366,Waltz   A Time for Us,4a811041a986dbb897757a0d2e4220a678957366.mp3,86.1,waltz
7a7379801168913b62f5e790ca7f826c64be718e,Waltz   Come away with me,7a7379801168913b62f5e790ca7f826c64be718e.mp3,87.6,waltz
6eca24b7f3b3103438015b7a9871c8212a8d7484,WALTZ   Dj Ice   Promise (29 BPM),6eca24b7f3b3103438015b7a9871c8212a8d7484.mp3,172.3,waltz
3a3dfa2c3cb60823a9ee78217ca5c63e5d5ebf5e,WALTZ   Dj Ice   The Last Goodbye (from The Hobbits,3a3dfa2c3cb60823a9ee78217ca5c63e5d5ebf5e.mp3,87.6,waltz
a3e2ec15013202b0c120252d5d4b5f418e9157a0,WALTZ   Dj Ice   You Raise Me Up (29 BPM),a3e2ec15013202b0c120252d5d4b5f418e9157a0.mp3,86.1,waltz
5173624c5d0c68cd2e5e916a1cb96c2ccf8a0089,WALTZ   Don,5173624c5d0c68cd2e5e916a1cb96c2ccf8a0089.mp3,87.6,waltz
aadc6a4177d45446ef5f0d9785fcf104d73ad58d,WALTZ   First Day Of My Life,aadc6a4177d45446ef5f0d9785fcf104d73ad58d.mp3,87.6,waltz
e71292006c46bfc7b3485c123092128c76767b83,WALTZ   Forbidden Lullaby (André Edition)   29bpm,e71292006c46bfc7b3485c123092128c76767b83.mp3,87.6,waltz
d335cffb12d7051a5ce9b267db3d3b71ffab2241,Waltz   Heaven in my arms,d335cffb12d7051a5ce9b267db3d3b71ffab2241.mp3,172.3,viennese waltz
56d16c543b8d75e82ad76c5aae201c6d2bd18e4b,WALTZ   Lady Lay Down,56d16c543b8d75e82ad76c5aae201c6d2bd18e4b.mp3,87.6,waltz
414061df87e5bcb6903f6b58c19cfdf4921ddc26,WALTZ   music Bobby Day – Good Old Day,414061df87e5bcb6903f6b58c19cfdf4921ddc26.mp3,87.6,waltz
4405044479f991d1dc7dc5b1916361f970468e96,WALTZ   music Damien Rice – Under The Tongue,4405044479f991d1dc7dc5b1916361f970468e96.mp3,87.6,waltz
eaf64862c4276060f0019cf63a8353ca3e9b55c2,Waltz   Romeo u0026 Juliet,eaf64862c4276060f0019cf63a8353ca3e9b55c2.mp3,166.7,viennese waltz
dd801684947f03b02004c96792ee09b9a9889ae1,"Waltz   Un Peu Plus Haut, Un Peu Plus Loin   Laudin",dd801684947f03b02004c96792ee09b9a9889ae1.mp3,87.6,waltz
bbcd334feccd92ea533223a836bc217835d55f05,WALTZ  A Perfect Indian Sinead Ó Connor,bbcd334feccd92ea533223a836bc217835d55f05.mp3,172.3,waltz
91840108145c561541d845d929c12c395f0d4b29,WALTZ  Finger,91840108145c561541d845d929c12c395f0d4b29.mp3,84.7,waltz
fb3a76c3c8ecc515b00456de60ddd588f6851167,Waltz  Foolish,fb3a76c3c8ecc515b00456de60ddd588f6851167.mp3,89.1,waltz
7bfe434b041c226f09e0b082b08aefc400db73b7,WALTZ  I´m So Lonesome I Could Cry,7bfe434b041c226f09e0b082b08aefc400db73b7.mp3,87.6,waltz
e799d3c02c40afc1f8a429d046a8f9ab1b564148,WALTZ  Let Me Go Lover,e799d3c02c40afc1f8a429d046a8f9ab1b564148.mp3,89.1,waltz
b46653d0c5eaeb22f41800d92a7938d3728c1b8e,WALTZ  Mandulinata Angelo Daforno,b46653d0c5eaeb22f41800d92a7938d3728c1b8e.mp3,84.7,waltz
5b48c83bd5b8556c138cd3fc1c88559e386798db,WALTZ  Moon River,5b48c83bd5b8556c138cd3fc1c88559e386798db.mp3,86.1,waltz
db32cb230813c85c345bbd892670d294116cdd85,WALTZ  Passione Caterina Zapponi,db32cb230813c85c345bbd892670d294116cdd85.mp3,172.3,waltz
5e74094708e8294fce642f9fb5629f918164f6a2,WALTZ  The Force John Kelly Maite Itoiz,5e74094708e8294fce642f9fb5629f918164f6a2.mp3,166.7,waltz
9531c3caa3a4103fb183fdacd270b7471d06c961,Waltz  Unchained melody,9531c3caa3a4103fb183fdacd270b7471d06c961.mp3,90.7,waltz
2d67edc4a9dcd281a1b309804756845b765d858f,WALTZ - Fascination,2d67edc4a9dcd281a1b309804756845b765d858f.mp3,84.7,waltz
b3ae69e657c7d77a2f8f9ffe17038b97b60185c4,WALTZ - Finger,b3ae69e657c7d77a2f8f9ffe17038b97b60185c4.mp3,84.7,waltz
984b1b599abeacff51239d3ffb6178532e87cacb,WALTZ - Hello memory,984b1b599abeacff51239d3ffb6178532e87cacb.mp3,86.1,waltz
091ef7965eec077d90fa57fac7a3c205fb3cf9b0,WALTZ - Moulin Rouge,091ef7965eec077d90fa57fac7a3c205fb3cf9b0.mp3,83.4,waltz
ee267fc65676804ea33b38cb7fe32117a98ec298,WALTZ - My Frends,ee267fc65676804ea33b38cb7fe32117a98ec298.mp3,90.7,waltz
924b82412ce087b8b19d5e6788873f3d79934054,WALTZ - The first time,924b82412ce087b8b19d5e6788873f3d79934054.mp3,90.7,waltz
850b5e5c6c2524ef3b4e77875245c186bf984d9b,WALTZ Alfreds [Langsamer Walzer 28 bpm] - Rossana Casale,850b5e5c6c2524ef3b4e77875245c186bf984d9b.mp3,84.7,waltz
05ad8580303a66507e110e6c6583863a6ed866f9,WALTZ American Smooth Waltz   Unknown (Modern Practice Music,05ad8580303a66507e110e6c6583863a6ed866f9.mp3,86.1,waltz
829f542146efae405910c85bbd964ac01412fb09,WALTZ Answer Me (Slow Waltz  29 BPM,829f542146efae405910c85bbd964ac01412fb09.mp3,87.6,waltz
538c9ed7d8fe73e85e2f944ddef25d1106ed5f25,WALTZ Are You Lonesome Tonight (Langs Walzer  30 BPM),538c9ed7d8fe73e85e2f944ddef25d1106ed5f25.mp3,89.1,waltz
010f4f6cb02fa7d5aae1aa04a5671bd086a94bd9,WALTZ Ave Maria (Langs Walzer  30 BPM),010f4f6cb02fa7d5aae1aa04a5671bd086a94bd9.mp3,90.7,waltz
b6f8389f8a23fc771e8b6fb8574494b54dfadf9c,WALTZ Band4Dancers   Can you feel the Love tonight   Slow Waltz for Wedding Dance   Walzer Hochzeit,b6f8389f8a23fc771e8b6fb8574494b54dfadf9c.mp3,90.7,waltz
10dc65a7cf6a7856197f7ac4aaa569bf9dfd9a9a,Waltz Candle In The Wind   Dancelife Orchestra   Music For Dancing Slow Waltz,10dc65a7cf6a7856197f7ac4aaa569bf9dfd9a9a.mp3,87.6,waltz
7581f372e8d3047431cb5b9d293c3da406f89abb,WALTZ Christmas Bride (Waltz  30BPM,7581f372e8d3047431cb5b9d293c3da406f89abb.mp3,90.7,waltz
34240d024504a1ee4841d1ff9d6906e1c42b12d2,WALTZ Consequences (Slow Waltz 29BPM,34240d024504a1ee4841d1ff9d6906e1c42b12d2.mp3,87.6,waltz
9c1bc1bc5d16b12e0f9c7030b554adb949f70c43,WALTZ First Step (2023) (from,9c1bc1bc5d16b12e0f9c7030b554adb949f70c43.mp3,87.6,waltz
a7ca577b48272edb12673e88b50464e58b9db223,WALTZ I Have a Dream (Waltz,a7ca577b48272edb12673e88b50464e58b9db223.mp3,87.6,waltz
a634dd2313133a78b8f4e1c94a74020c58f528bb,WALTZ I Wo waltz vánoční,a634dd2313133a78b8f4e1c94a74020c58f528bb.mp3,89.1,waltz
60f84fbdb0d4a3ae0df28a21cb99021ef4e7c429,WALTZ If I Ain't Got You (Slow Waltz  29 Bpm),60f84fbdb0d4a3ae0df28a21cb99021ef4e7c429.mp3,87.6,waltz
8fe38b91d45752451de2dedcdbc6258d853de74e,WALTZ Lonely This Christmas [Waltz  30 BPM] (feat Ross Mitchell,8fe38b91d45752451de2dedcdbc6258d853de74e.mp3,90.7,waltz
d6294b6378039ef6c877a34edd38ed3af794c2cc,WALTZ Lovely [Slow Waltz 29BPM,d6294b6378039ef6c877a34edd38ed3af794c2cc.mp3,87.6,waltz
413ddd23a47f1a1bbe056dfcd4096e0e982d1a7d,WALTZ Metallica   Nothing Else Matters (DJ Maksy Slow Waltz Remix),413ddd23a47f1a1bbe056dfcd4096e0e982d1a7d.mp3,87.6,waltz
fc6415d95a845d07b2289252ebf614bf95ffa142,Waltz Miles Away Slow Waltz,fc6415d95a845d07b2289252ebf614bf95ffa142.mp3,86.1,waltz
ce71d1b7bb2b62164a37822e31e6c036a29d3abd,WALTZ Moon (Waltz,ce71d1b7bb2b62164a37822e31e6c036a29d3abd.mp3,87.6,waltz
ab043f20b54053a4c5f930e5f37cf86d1b009c39,WALTZ More Than Love (Waltz,ab043f20b54053a4c5f930e5f37cf86d1b009c39.mp3,90.7,waltz
6cf7857c4869a41e7d6d8842de670fbcb399c70b,WALTZ music    I Owe Yo,6cf7857c4869a41e7d6d8842de670fbcb399c70b.mp3,83.4,waltz
2e2d4177cac9df676391bb43048bd6947e4b5672,WALTZ music   Always Remember Us This Way,2e2d4177cac9df676391bb43048bd6947e4b5672.mp3,87.6,waltz
488c5bf471601d2c68c6ccc7f8209c663d50634c,WALTZ music   Like The Piano,488c5bf471601d2c68c6ccc7f8209c663d50634c.mp3,90.7,waltz
20260d10fc4c29e72581212a7e4f10a402ef14ae,WALTZ Music   Tears In Love (from,20260d10fc4c29e72581212a7e4f10a402ef14ae.mp3,84.7,waltz
deb948f7695b441d7fed0f6de101b6e556de9a5a,Waltz music Claudia Streza – I Will Always Love You,deb948f7695b441d7fed0f6de101b6e556de9a5a.mp3,87.6,waltz
934eac221100e0924aa6016f4cc6621d05744940,"Waltz music E Morricone, C Nistri – Chi Mai",934eac221100e0924aa6016f4cc6621d05744940.mp3,89.1,waltz
5d4ff89f3fb27b6e439e77e5b6b54c6fe17fe6eb,Waltz music Garden Of Secrets – Autumn,5d4ff89f3fb27b6e439e77e5b6b54c6fe17fe6eb.mp3,172.3,viennese waltz
b26f54eefa2760f8371fb1c94c7326dbbd633787,Waltz music Klaus Hallen – Earth Song,b26f54eefa2760f8371fb1c94c7326dbbd633787.mp3,87.6,waltz
3d7f228444c8618d4d8f6aec459f13d9f8905087,Waltz music William Jansen – Cosas De La Vida,3d7f228444c8618d4d8f6aec459f13d9f8905087.mp3,87.6,waltz
ab46512431b739bda16128f4687b7ac129a5f5eb,WALTZ On Alti Kasim (Waltz),ab46512431b739bda16128f4687b7ac129a5f5eb.mp3,87.6,waltz
000f42e354dbcbdae15a15634a7d94319e496888,WALTZ Slow  Waltz   Naked   Klaus Hallen Tanzorcheste,000f42e354dbcbdae15a15634a7d94319e496888.mp3,84.7,waltz
fa169127927a9964f2f9e8c60a8ee68986dd6884,WALTZ Slow Waltz   Cleopatr,fa169127927a9964f2f9e8c60a8ee68986dd6884.mp3,89.1,waltz
b45af8dfd84ee195d2c72d7e2c690bd50fc9fab2,WALTZ SLOW WALTZ   Dj Ice ft Avery   No Time To Die (from 007,b45af8dfd84ee195d2c72d7e2c690bd50fc9fab2.mp3,84.7,waltz
b941fa2bd606d5e288297a800b190913fb13358e,WALTZ Slow Waltz   Himlen I Min Favn   Anne Vad,b941fa2bd606d5e288297a800b190913fb13358e.mp3,86.1,waltz
bb8a04b3678cb8b65e6a67106e20752bd000921e,"WALTZ Slow Waltz   Un Peu Plus Haut, upravená Un Peu Plus Loin   Laudin",bb8a04b3678cb8b65e6a67106e20752bd000921e.mp3,87.6,waltz
a405b0c742a6f0f7d12b6cf327a49c3788db18c4,WALTZ SLOW WALTZ Music   Now When The Rain Fall,a405b0c742a6f0f7d12b6cf327a49c3788db18c4.mp3,87.6,waltz
0cebb8127c55adb59776053868f1b229ece16b09,WALTZ The First Noel   Walt,0cebb8127c55adb59776053868f1b229ece16b09.mp3,86.1,waltz
696769b2e7cf20c4b043760b0e7b3924f5b31514,WALTZ Valzer lento   Silent Nigh,696769b2e7cf20c4b043760b0e7b3924f5b31514.mp3,86.1,waltz
e709e8a1c89b365940d23b9fdadf6a0626a605d8,WALTZ vánoční orchestrální skladba Miloslav R  Procházk,e709e8a1c89b365940d23b9fdadf6a0626a605d8.mp3,95.7,waltz
4db1912bef8305659742099397eaf41ca701942f,WALTZ When I Need You (Slow Waltz,4db1912bef8305659742099397eaf41ca701942f.mp3,87.6,waltz
13d7b9fe78507c5710340d3261c91ac3769f882b,WALTZ Your Song (Langs Walzer  29 BPM),13d7b9fe78507c5710340d3261c91ac3769f882b.mp3,87.6,waltz
1840526b680425a94db830dfd52a77b0f8507819,We Wish You A Merry Christma,1840526b680425a94db830dfd52a77b0f8507819.mp3,,
8c7777aa52ad8884610e166b2439e8a9b3625aa1,ČARDÁŠ Koždoň,8c7777aa52ad8884610e166b2439e8a9b3625aa1.mp3,,
